{
	"textures": {
		"0": "animated_java:item/treasure_chest/normal"
	},
	"elements": [
		{
			"from": [
				3.74,
				8,
				-0.2599999999999998
			],
			"to": [
				12.26,
				10.5,
				8.260000000000005
			],
			"rotation": {
				"angle": 0,
				"axis": "y",
				"origin": [
					8,
					8.5625,
					1.7499999999999991
				]
			},
			"faces": {
				"north": {
					"uv": [
						10.5,
						3.5,
						14,
						4.75
					],
					"rotation": 180,
					"texture": "#0"
				},
				"east": {
					"uv": [
						7,
						3.5,
						10.5,
						4.75
					],
					"texture": "#0"
				},
				"south": {
					"uv": [
						3.5,
						3.5,
						7,
						4.75
					],
					"texture": "#0"
				},
				"west": {
					"uv": [
						0,
						3.5,
						3.5,
						4.75
					],
					"texture": "#0"
				},
				"up": {
					"uv": [
						7,
						0,
						10.5,
						3.5
					],
					"texture": "#0"
				},
				"down": {
					"uv": [
						3.5,
						0,
						7,
						3.5
					],
					"texture": "#0"
				}
			}
		},
		{
			"from": [
				7.5,
				6.75,
				-0.7499999999999982
			],
			"to": [
				8.5,
				9,
				-0.25
			],
			"rotation": {
				"angle": 0,
				"axis": "y",
				"origin": [
					8,
					8.5625,
					1.7499999999999991
				]
			},
			"faces": {
				"north": {
					"uv": [
						0.25,
						0.25,
						0.75,
						1.25
					],
					"rotation": 180,
					"texture": "#0"
				},
				"east": {
					"uv": [
						0.5,
						0.25,
						0.75,
						1.25
					],
					"rotation": 180,
					"texture": "#0"
				},
				"south": {
					"uv": [
						0.75,
						0.25,
						1.25,
						1.25
					],
					"rotation": 180,
					"texture": "#0"
				},
				"west": {
					"uv": [
						1.25,
						0.25,
						1.5,
						1.25
					],
					"rotation": 180,
					"texture": "#0"
				},
				"up": {
					"uv": [
						0.25,
						0,
						0.75,
						0.25
					],
					"rotation": 180,
					"texture": "#0"
				},
				"down": {
					"uv": [
						0.75,
						0,
						1.25,
						0.25
					],
					"rotation": 180,
					"texture": "#0"
				}
			}
		}
	],
	"display": {
		"head": {
			"rotation": [
				0,
				0,
				0
			]
		}
	}
}