{
  "parent": "minecraft:item/generated",
  "textures": {
    "layer0": "minecraft:item/apple"
  },
  "overrides": [
    {"predicate": {"custom_model_data":1}, "model": "minecraft:item/apple/apple"},
    {"predicate": {"custom_model_data":2}, "model": "minecraft:item/apple/rot_apple"},
    {"predicate": {"custom_model_data":3}, "model": "minecraft:item/apple/apple_box_empty"},
    {"predicate": {"custom_model_data":4}, "model": "minecraft:item/apple/apple_box_1"},
    {"predicate": {"custom_model_data":5}, "model": "minecraft:item/apple/apple_box_2"},
    {"predicate": {"custom_model_data":6}, "model": "minecraft:item/apple/apple_box_3"},
    {"predicate": {"custom_model_data":7}, "model": "minecraft:item/apple/apple_box_4"}
  ]
}