{
  "parent": "minecraft:item/generated",
  "textures": {
    "layer0": "minecraft:item/bread"
  },
  "overrides": [
    {"predicate": {"custom_model_data":1}, "model": "minecraft:item/bread/moldy_bread"},
    {"predicate": {"custom_model_data":2}, "model": "minecraft:item/bread/bread_box_empty"},
    {"predicate": {"custom_model_data":3}, "model": "minecraft:item/bread/bread_box_1"},
    {"predicate": {"custom_model_data":4}, "model": "minecraft:item/bread/bread_box_2"},
    {"predicate": {"custom_model_data":5}, "model": "minecraft:item/bread/bread_box_3"},
    {"predicate": {"custom_model_data":6}, "model": "minecraft:item/bread/bread_box_4"}
  ]
}