{
  "parent": "minecraft:item/handheld_rod",
  "textures": {
    "layer0": "minecraft:item/carrot_on_a_stick"
  },

  "overrides": [
    {"predicate": {"custom_model_data":1}, "model": "minecraft:item/.test"},
    {"predicate": {"custom_model_data":2}, "model": "minecraft:item/.test"},
    {"predicate": {"custom_model_data":3}, "model": "minecraft:item/.test"},
    {"predicate": {"custom_model_data":4}, "model": "minecraft:item/.test"},
    {"predicate": {"custom_model_data":5}, "model": "minecraft:item/.test"},
    {"predicate": {"custom_model_data":10}, "model": "minecraft:item/nomal_sword"},
    {"predicate": {"custom_model_data":11}, "model": "minecraft:item/strong_sword"},
    {"predicate": {"custom_model_data":12}, "model": "minecraft:item/strongest_sword"},
    {"predicate": {"custom_model_data":96}, "model": "minecraft:item/speach_bubble"},
    {"predicate": {"custom_model_data":97}, "model": "minecraft:item/select_block_small"},
    {"predicate": {"custom_model_data":98}, "model": "minecraft:item/select_block"},
    {"predicate": {"custom_model_data":99}, "model": "minecraft:item/carrot_on_a_stick/grave"},
    {"predicate": {"custom_model_data":100}, "model": "minecraft:item/surviver_check_stone_slab"},
    {"predicate": {"custom_model_data":101}, "model": "minecraft:item/carrot_on_a_stick/gate_lever_on"},
    {"predicate": {"custom_model_data":102}, "model": "minecraft:item/carrot_on_a_stick/gate_lever_off"},
    {"predicate": {"custom_model_data":103}, "model": "minecraft:item/carrot_on_a_stick/treasure_chest"},

    {"predicate": {"custom_model_data":500}, "model": "minecraft:item/carrot_on_a_stick/special_tool/glowing_tool"},
    {"predicate": {"custom_model_data":501}, "model": "minecraft:item/carrot_on_a_stick/special_tool/blindness_tool"},
    {"predicate": {"custom_model_data":502}, "model": "minecraft:item/carrot_on_a_stick/special_tool/same_look_tool"},

    {"predicate": {"custom_model_data":1002}, "model": "minecraft:item/empty"},
    {"predicate": {"custom_model_data":1003}, "model": "minecraft:item/empty"},
    {"predicate": {"custom_model_data":1004}, "model": "minecraft:item/empty"},

    {"predicate": {"custom_model_data":9999}, "model": "minecraft:item/carrot_on_a_stick/skill/skill_dummy"},
    {"predicate": {"custom_model_data":10000}, "model": "minecraft:item/carrot_on_a_stick/skill/jinrou_slash_skill"},
    {"predicate": {"custom_model_data":10001}, "model": "minecraft:item/carrot_on_a_stick/skill/jinrou_slash_skill_cooltime"},
    {"predicate": {"custom_model_data":10002}, "model": "minecraft:item/carrot_on_a_stick/skill/jinrou_roar_skill"},
    {"predicate": {"custom_model_data":10003}, "model": "minecraft:item/carrot_on_a_stick/skill/jinrou_roar_skill_cooltime"},
    {"predicate": {"custom_model_data":10004}, "model": "minecraft:item/carrot_on_a_stick/skill/uranai_skill"},
    {"predicate": {"custom_model_data":10005}, "model": "minecraft:item/carrot_on_a_stick/skill/uranai_skill_cooltime"},
    {"predicate": {"custom_model_data":10006}, "model": "minecraft:item/carrot_on_a_stick/skill/reinou_skill"},
    {"predicate": {"custom_model_data":10007}, "model": "minecraft:item/carrot_on_a_stick/skill/reinou_skill_cooltime"},
    {"predicate": {"custom_model_data":10008}, "model": "minecraft:item/carrot_on_a_stick/skill/kishi_skill"},
    {"predicate": {"custom_model_data":10009}, "model": "minecraft:item/carrot_on_a_stick/skill/kishi_skill_cooltime"},
    {"predicate": {"custom_model_data":10010}, "model": "minecraft:item/carrot_on_a_stick/skill/hoankan_skill"},
    {"predicate": {"custom_model_data":10011}, "model": "minecraft:item/carrot_on_a_stick/skill/hoankan_skill_cooltime"},
    {"predicate": {"custom_model_data":10012}, "model": "minecraft:item/carrot_on_a_stick/skill/shinigami_skill"},
    {"predicate": {"custom_model_data":10013}, "model": "minecraft:item/carrot_on_a_stick/skill/shinigami_skill_cooltime"},
    {"predicate": {"custom_model_data":10014}, "model": "minecraft:item/carrot_on_a_stick/skill/youko_skill"},
    {"predicate": {"custom_model_data":10015}, "model": "minecraft:item/carrot_on_a_stick/skill/youko_skill_cooltime"},


    {"predicate": {"custom_model_data":19999}, "model": "minecraft:item/skill_dummy"},


    {"predicate": {"custom_model_data":90000}, "model": "minecraft:item/carrot_on_a_stick/inventory_menu/inventory_ui"},
    {"predicate": {"custom_model_data":90001}, "model": "minecraft:item/carrot_on_a_stick/inventory_menu/join_button"},
    {"predicate": {"custom_model_data":90002}, "model": "minecraft:item/carrot_on_a_stick/inventory_menu/not_join_button"},
    {"predicate": {"custom_model_data":90003}, "model": "minecraft:item/carrot_on_a_stick/inventory_menu/settings_button"},
    {"predicate": {"custom_model_data":90004}, "model": "minecraft:item/carrot_on_a_stick/inventory_menu/game_start_button_1"},
    {"predicate": {"custom_model_data":90005}, "model": "minecraft:item/carrot_on_a_stick/inventory_menu/game_start_button_2"},
    {"predicate": {"custom_model_data":99996}, "model": "minecraft:item/carrot_on_a_stick/ice_sword"},
    {"predicate": {"custom_model_data":99998}, "model": "minecraft:item/carrot_on_a_stick/map"},
    {"predicate": {"custom_model_data":99999}, "model": "minecraft:item/empty"}
  ]
}