{
	"credit": "Made with Blockbench",
	"texture_size": [32, 32],
	"textures": {
		"0": "item/select_block",
		"particle": "item/select_block"
	},
	"elements": [
		{
			"from": [3, 8, 12],
			"to": [6, 9, 13],
			"faces": {
				"north": {"uv": [0, 4, 1.5, 4.5], "texture": "#0"},
				"east": {"uv": [1, 8, 1.5, 8.5], "texture": "#0"},
				"south": {"uv": [1.5, 4, 3, 4.5], "texture": "#0"},
				"west": {"uv": [8, 1, 8.5, 1.5], "texture": "#0"},
				"up": {"uv": [4.5, 4.5, 3, 4], "texture": "#0"},
				"down": {"uv": [1.5, 4.5, 0, 5], "texture": "#0"}
			}
		},
		{
			"from": [3, 8, 10],
			"to": [4, 9, 12],
			"faces": {
				"north": {"uv": [1.5, 8, 2, 8.5], "texture": "#0"},
				"east": {"uv": [6.5, 0.5, 7.5, 1], "texture": "#0"},
				"south": {"uv": [8, 1.5, 8.5, 2], "texture": "#0"},
				"west": {"uv": [6.5, 1.5, 7.5, 2], "texture": "#0"},
				"up": {"uv": [7, 5, 6.5, 4], "texture": "#0"},
				"down": {"uv": [7, 5, 6.5, 6], "texture": "#0"}
			}
		},
		{
			"from": [3, 6, 12],
			"to": [4, 8, 13],
			"faces": {
				"north": {"uv": [5.5, 6.5, 6, 7.5], "texture": "#0"},
				"east": {"uv": [6, 6.5, 6.5, 7.5], "texture": "#0"},
				"south": {"uv": [6.5, 6, 7, 7], "texture": "#0"},
				"west": {"uv": [0.5, 7, 1, 8], "texture": "#0"},
				"up": {"uv": [2.5, 8.5, 2, 8], "texture": "#0"},
				"down": {"uv": [8.5, 2, 8, 2.5], "texture": "#0"}
			}
		},
		{
			"from": [3, -1, 4],
			"to": [4, 0, 6],
			"faces": {
				"north": {"uv": [7, 6, 7.5, 6.5], "texture": "#0"},
				"east": {"uv": [4.5, 1.5, 5.5, 2], "texture": "#0"},
				"south": {"uv": [6.5, 7, 7, 7.5], "texture": "#0"},
				"west": {"uv": [4.5, 2, 5.5, 2.5], "texture": "#0"},
				"up": {"uv": [5, 3.5, 4.5, 2.5], "texture": "#0"},
				"down": {"uv": [3.5, 4.5, 3, 5.5], "texture": "#0"}
			}
		},
		{
			"from": [3, 0, 3],
			"to": [4, 2, 4],
			"faces": {
				"north": {"uv": [3.5, 4.5, 4, 5.5], "texture": "#0"},
				"east": {"uv": [4.5, 3.5, 5, 4.5], "texture": "#0"},
				"south": {"uv": [4, 4.5, 4.5, 5.5], "texture": "#0"},
				"west": {"uv": [4.5, 4.5, 5, 5.5], "texture": "#0"},
				"up": {"uv": [7.5, 7, 7, 6.5], "texture": "#0"},
				"down": {"uv": [7.5, 7, 7, 7.5], "texture": "#0"}
			}
		},
		{
			"from": [3, -1, 3],
			"to": [6, 0, 4],
			"faces": {
				"north": {"uv": [0, 0, 1.5, 0.5], "texture": "#0"},
				"east": {"uv": [7, 5, 7.5, 5.5], "texture": "#0"},
				"south": {"uv": [0, 0.5, 1.5, 1], "texture": "#0"},
				"west": {"uv": [7, 5.5, 7.5, 6], "texture": "#0"},
				"up": {"uv": [1.5, 1.5, 0, 1], "texture": "#0"},
				"down": {"uv": [1.5, 1.5, 0, 2], "texture": "#0"}
			}
		},
		{
			"from": [3, 8, 4],
			"to": [4, 9, 6],
			"faces": {
				"north": {"uv": [7.5, 0.5, 8, 1], "texture": "#0"},
				"east": {"uv": [0, 5, 1, 5.5], "texture": "#0"},
				"south": {"uv": [1.5, 7.5, 2, 8], "texture": "#0"},
				"west": {"uv": [1, 5, 2, 5.5], "texture": "#0"},
				"up": {"uv": [2.5, 6, 2, 5], "texture": "#0"},
				"down": {"uv": [3, 5, 2.5, 6], "texture": "#0"}
			}
		},
		{
			"from": [3, 6, 3],
			"to": [4, 8, 4],
			"faces": {
				"north": {"uv": [5, 2.5, 5.5, 3.5], "texture": "#0"},
				"east": {"uv": [5, 3.5, 5.5, 4.5], "texture": "#0"},
				"south": {"uv": [5, 4.5, 5.5, 5.5], "texture": "#0"},
				"west": {"uv": [0, 5.5, 0.5, 6.5], "texture": "#0"},
				"up": {"uv": [8, 2, 7.5, 1.5], "texture": "#0"},
				"down": {"uv": [2.5, 7.5, 2, 8], "texture": "#0"}
			}
		},
		{
			"from": [3, 8, 3],
			"to": [6, 9, 4],
			"faces": {
				"north": {"uv": [1.5, 0, 3, 0.5], "texture": "#0"},
				"east": {"uv": [0, 7.5, 0.5, 8], "texture": "#0"},
				"south": {"uv": [1.5, 0.5, 3, 1], "texture": "#0"},
				"west": {"uv": [7.5, 0, 8, 0.5], "texture": "#0"},
				"up": {"uv": [3, 1.5, 1.5, 1], "texture": "#0"},
				"down": {"uv": [3, 1.5, 1.5, 2], "texture": "#0"}
			}
		},
		{
			"from": [12, 8, 4],
			"to": [13, 9, 6],
			"faces": {
				"north": {"uv": [7.5, 2.5, 8, 3], "texture": "#0"},
				"east": {"uv": [0.5, 5.5, 1.5, 6], "texture": "#0"},
				"south": {"uv": [3, 7.5, 3.5, 8], "texture": "#0"},
				"west": {"uv": [5.5, 1.5, 6.5, 2], "texture": "#0"},
				"up": {"uv": [2, 6.5, 1.5, 5.5], "texture": "#0"},
				"down": {"uv": [6, 2, 5.5, 3], "texture": "#0"}
			}
		},
		{
			"from": [12, 6, 3],
			"to": [13, 8, 4],
			"faces": {
				"north": {"uv": [3, 5.5, 3.5, 6.5], "texture": "#0"},
				"east": {"uv": [5.5, 3, 6, 4], "texture": "#0"},
				"south": {"uv": [3.5, 5.5, 4, 6.5], "texture": "#0"},
				"west": {"uv": [4, 5.5, 4.5, 6.5], "texture": "#0"},
				"up": {"uv": [8, 3.5, 7.5, 3], "texture": "#0"},
				"down": {"uv": [4, 7.5, 3.5, 8], "texture": "#0"}
			}
		},
		{
			"from": [10, 8, 3],
			"to": [13, 9, 4],
			"faces": {
				"north": {"uv": [0, 2, 1.5, 2.5], "texture": "#0"},
				"east": {"uv": [7.5, 2, 8, 2.5], "texture": "#0"},
				"south": {"uv": [1.5, 2, 3, 2.5], "texture": "#0"},
				"west": {"uv": [2.5, 7.5, 3, 8], "texture": "#0"},
				"up": {"uv": [1.5, 3, 0, 2.5], "texture": "#0"},
				"down": {"uv": [3, 2.5, 1.5, 3], "texture": "#0"}
			}
		},
		{
			"from": [12, -1, 4],
			"to": [13, 0, 6],
			"faces": {
				"north": {"uv": [7.5, 4, 8, 4.5], "texture": "#0"},
				"east": {"uv": [5.5, 4, 6.5, 4.5], "texture": "#0"},
				"south": {"uv": [7.5, 4.5, 8, 5], "texture": "#0"},
				"west": {"uv": [4.5, 5.5, 5.5, 6], "texture": "#0"},
				"up": {"uv": [6, 5.5, 5.5, 4.5], "texture": "#0"},
				"down": {"uv": [6, 5.5, 5.5, 6.5], "texture": "#0"}
			}
		},
		{
			"from": [12, 0, 3],
			"to": [13, 2, 4],
			"faces": {
				"north": {"uv": [6, 0, 6.5, 1], "texture": "#0"},
				"east": {"uv": [0.5, 6, 1, 7], "texture": "#0"},
				"south": {"uv": [1, 6, 1.5, 7], "texture": "#0"},
				"west": {"uv": [2, 6, 2.5, 7], "texture": "#0"},
				"up": {"uv": [8, 5.5, 7.5, 5], "texture": "#0"},
				"down": {"uv": [6, 7.5, 5.5, 8], "texture": "#0"}
			}
		},
		{
			"from": [10, -1, 3],
			"to": [13, 0, 4],
			"faces": {
				"north": {"uv": [0, 3, 1.5, 3.5], "texture": "#0"},
				"east": {"uv": [7.5, 3.5, 8, 4], "texture": "#0"},
				"south": {"uv": [3, 0, 4.5, 0.5], "texture": "#0"},
				"west": {"uv": [4, 7.5, 4.5, 8], "texture": "#0"},
				"up": {"uv": [4.5, 1, 3, 0.5], "texture": "#0"},
				"down": {"uv": [4.5, 1, 3, 1.5], "texture": "#0"}
			}
		},
		{
			"from": [12, -1, 10],
			"to": [13, 0, 12],
			"faces": {
				"north": {"uv": [7.5, 6, 8, 6.5], "texture": "#0"},
				"east": {"uv": [6, 1, 7, 1.5], "texture": "#0"},
				"south": {"uv": [6.5, 7.5, 7, 8], "texture": "#0"},
				"west": {"uv": [6, 2, 7, 2.5], "texture": "#0"},
				"up": {"uv": [3, 7, 2.5, 6], "texture": "#0"},
				"down": {"uv": [6.5, 2.5, 6, 3.5], "texture": "#0"}
			}
		},
		{
			"from": [12, 0, 12],
			"to": [13, 2, 13],
			"faces": {
				"north": {"uv": [4.5, 6, 5, 7], "texture": "#0"},
				"east": {"uv": [6, 4.5, 6.5, 5.5], "texture": "#0"},
				"south": {"uv": [5, 6, 5.5, 7], "texture": "#0"},
				"west": {"uv": [6, 5.5, 6.5, 6.5], "texture": "#0"},
				"up": {"uv": [8, 7, 7.5, 6.5], "texture": "#0"},
				"down": {"uv": [7.5, 7.5, 7, 8], "texture": "#0"}
			}
		},
		{
			"from": [10, -1, 12],
			"to": [13, 0, 13],
			"faces": {
				"north": {"uv": [1.5, 3, 3, 3.5], "texture": "#0"},
				"east": {"uv": [7.5, 5.5, 8, 6], "texture": "#0"},
				"south": {"uv": [3, 1.5, 4.5, 2], "texture": "#0"},
				"west": {"uv": [6, 7.5, 6.5, 8], "texture": "#0"},
				"up": {"uv": [4.5, 2.5, 3, 2], "texture": "#0"},
				"down": {"uv": [4.5, 2.5, 3, 3], "texture": "#0"}
			}
		},
		{
			"from": [3, -1, 10],
			"to": [4, 0, 12],
			"faces": {
				"north": {"uv": [0, 8, 0.5, 8.5], "texture": "#0"},
				"east": {"uv": [6, 3.5, 7, 4], "texture": "#0"},
				"south": {"uv": [8, 0, 8.5, 0.5], "texture": "#0"},
				"west": {"uv": [6.5, 0, 7.5, 0.5], "texture": "#0"},
				"up": {"uv": [0.5, 7.5, 0, 6.5], "texture": "#0"},
				"down": {"uv": [2, 6.5, 1.5, 7.5], "texture": "#0"}
			}
		},
		{
			"from": [3, 0, 12],
			"to": [4, 2, 13],
			"faces": {
				"north": {"uv": [6.5, 2.5, 7, 3.5], "texture": "#0"},
				"east": {"uv": [3, 6.5, 3.5, 7.5], "texture": "#0"},
				"south": {"uv": [3.5, 6.5, 4, 7.5], "texture": "#0"},
				"west": {"uv": [4, 6.5, 4.5, 7.5], "texture": "#0"},
				"up": {"uv": [1, 8.5, 0.5, 8], "texture": "#0"},
				"down": {"uv": [8.5, 0.5, 8, 1], "texture": "#0"}
			}
		},
		{
			"from": [3, -1, 12],
			"to": [6, 0, 13],
			"faces": {
				"north": {"uv": [3, 3, 4.5, 3.5], "texture": "#0"},
				"east": {"uv": [7.5, 7, 8, 7.5], "texture": "#0"},
				"south": {"uv": [0, 3.5, 1.5, 4], "texture": "#0"},
				"west": {"uv": [7.5, 7.5, 8, 8], "texture": "#0"},
				"up": {"uv": [3, 4, 1.5, 3.5], "texture": "#0"},
				"down": {"uv": [4.5, 3.5, 3, 4], "texture": "#0"}
			}
		},
		{
			"from": [10, 8, 12],
			"to": [13, 9, 13],
			"faces": {
				"north": {"uv": [4.5, 0, 6, 0.5], "texture": "#0"},
				"east": {"uv": [2.5, 8, 3, 8.5], "texture": "#0"},
				"south": {"uv": [4.5, 0.5, 6, 1], "texture": "#0"},
				"west": {"uv": [8, 2.5, 8.5, 3], "texture": "#0"},
				"up": {"uv": [6, 1.5, 4.5, 1], "texture": "#0"},
				"down": {"uv": [3, 4.5, 1.5, 5], "texture": "#0"}
			}
		},
		{
			"from": [12, 8, 10],
			"to": [13, 9, 12],
			"faces": {
				"north": {"uv": [3, 8, 3.5, 8.5], "texture": "#0"},
				"east": {"uv": [7, 1, 8, 1.5], "texture": "#0"},
				"south": {"uv": [8, 3, 8.5, 3.5], "texture": "#0"},
				"west": {"uv": [2, 7, 3, 7.5], "texture": "#0"},
				"up": {"uv": [1.5, 8, 1, 7], "texture": "#0"},
				"down": {"uv": [7.5, 2, 7, 3], "texture": "#0"}
			}
		},
		{
			"from": [12, 6, 12],
			"to": [13, 8, 13],
			"faces": {
				"north": {"uv": [7, 3, 7.5, 4], "texture": "#0"},
				"east": {"uv": [7, 4, 7.5, 5], "texture": "#0"},
				"south": {"uv": [4.5, 7, 5, 8], "texture": "#0"},
				"west": {"uv": [5, 7, 5.5, 8], "texture": "#0"},
				"up": {"uv": [4, 8.5, 3.5, 8], "texture": "#0"},
				"down": {"uv": [8.5, 3.5, 8, 4], "texture": "#0"}
			}
		}
	],
	"groups": [
		{
			"name": "group",
			"origin": [8, 8, 8],
			"color": 0,
			"children": [
				{
					"name": "group",
					"origin": [0, 0, 0],
					"color": 0,
					"children": [0, 1, 2]
				},
				{
					"name": "group",
					"origin": [0, 0, 0],
					"color": 0,
					"children": [3, 4, 5]
				},
				{
					"name": "group",
					"origin": [0, 0, 0],
					"color": 0,
					"children": [6, 7, 8]
				},
				{
					"name": "group",
					"origin": [0, 0, 0],
					"color": 0,
					"children": [9, 10, 11]
				},
				{
					"name": "group",
					"origin": [0, 0, 0],
					"color": 0,
					"children": [12, 13, 14]
				},
				{
					"name": "group",
					"origin": [0, 0, 0],
					"color": 0,
					"children": [15, 16, 17]
				},
				{
					"name": "group",
					"origin": [0, 0, 0],
					"color": 0,
					"children": [18, 19, 20]
				},
				{
					"name": "group",
					"origin": [0, 0, 0],
					"color": 0,
					"children": [21, 22, 23]
				}
			]
		}
	]
}