{
	"credit": "Made with Blockbench",
	"texture_size": [32, 32],
	"textures": {
		"0": "item/speach_bubble",
		"particle": "item/speach_bubble"
	},
	"elements": [
		{
			"from": [10, 3, 7.25],
			"to": [11, 6, 9.25],
			"faces": {
				"north": {"uv": [3.5, 9, 3, 7.5], "rotation": 180, "texture": "#0"},
				"east": {"uv": [4.5, 7, 6, 7.5], "rotation": 90, "texture": "#0"},
				"south": {"uv": [3, 8.5, 2.5, 10], "texture": "#0"},
				"west": {"uv": [1, 8.5, 2.5, 9], "rotation": 270, "texture": "#0"},
				"up": {"uv": [3, 9.5, 3.5, 10], "texture": "#0"},
				"down": {"uv": [3, 9, 3.5, 9.5], "rotation": 180, "texture": "#0"}
			}
		},
		{
			"from": [10, 6, 7.25],
			"to": [14, 7, 9.25],
			"faces": {
				"north": {"uv": [8.5, 8, 6.5, 7.5], "rotation": 180, "texture": "#0"},
				"east": {"uv": [5.5, 9.5, 6, 10], "rotation": 90, "texture": "#0"},
				"south": {"uv": [2, 8, 0, 8.5], "texture": "#0"},
				"west": {"uv": [9.5, 5.5, 10, 6], "rotation": 270, "texture": "#0"},
				"up": {"uv": [4.5, 7.5, 6.5, 8], "texture": "#0"},
				"down": {"uv": [0, 7.5, 2, 8], "rotation": 180, "texture": "#0"}
			}
		},
		{
			"from": [14, 7, 7.25],
			"to": [15, 14, 9.25],
			"faces": {
				"north": {"uv": [6.5, 7.5, 6, 4], "rotation": 180, "texture": "#0"},
				"east": {"uv": [6, 3, 9.5, 3.5], "rotation": 90, "texture": "#0"},
				"south": {"uv": [7, 4, 6.5, 7.5], "texture": "#0"},
				"west": {"uv": [6, 3.5, 9.5, 4], "rotation": 270, "texture": "#0"},
				"up": {"uv": [9.5, 6, 10, 6.5], "texture": "#0"},
				"down": {"uv": [6, 9.5, 6.5, 10], "rotation": 180, "texture": "#0"}
			}
		},
		{
			"from": [2, 14, 7.25],
			"to": [14, 15, 9.25],
			"faces": {
				"north": {"uv": [12, 1.5, 6, 1], "rotation": 180, "texture": "#0"},
				"east": {"uv": [6.5, 9.5, 7, 10], "rotation": 90, "texture": "#0"},
				"south": {"uv": [12, 1.5, 6, 2], "texture": "#0"},
				"west": {"uv": [9.5, 6.5, 10, 7], "rotation": 270, "texture": "#0"},
				"up": {"uv": [6, 0.5, 12, 1], "texture": "#0"},
				"down": {"uv": [6, 0, 12, 0.5], "rotation": 180, "texture": "#0"}
			}
		},
		{
			"from": [1, 7, 7.25],
			"to": [2, 14, 9.25],
			"faces": {
				"north": {"uv": [4, 10.5, 3.5, 7], "rotation": 180, "texture": "#0"},
				"east": {"uv": [0, 7, 3.5, 7.5], "rotation": 90, "texture": "#0"},
				"south": {"uv": [4.5, 7, 4, 10.5], "texture": "#0"},
				"west": {"uv": [7, 4, 10.5, 4.5], "rotation": 270, "texture": "#0"},
				"up": {"uv": [9.5, 7, 10, 7.5], "texture": "#0"},
				"down": {"uv": [7, 9.5, 7.5, 10], "rotation": 180, "texture": "#0"}
			}
		},
		{
			"from": [9, 4, 7.25],
			"to": [10, 5, 9.25],
			"faces": {
				"north": {"uv": [9, 10, 8.5, 9.5], "rotation": 180, "texture": "#0"},
				"east": {"uv": [9.5, 7.5, 10, 8], "rotation": 90, "texture": "#0"},
				"south": {"uv": [9.5, 9.5, 9, 10], "texture": "#0"},
				"west": {"uv": [9.5, 8, 10, 8.5], "rotation": 270, "texture": "#0"},
				"up": {"uv": [8, 9.5, 8.5, 10], "texture": "#0"},
				"down": {"uv": [7.5, 9.5, 8, 10], "rotation": 180, "texture": "#0"}
			}
		},
		{
			"from": [8, 5, 7.25],
			"to": [9, 6, 9.25],
			"faces": {
				"north": {"uv": [2, 10.5, 1.5, 10], "rotation": 180, "texture": "#0"},
				"east": {"uv": [0, 10, 0.5, 10.5], "rotation": 90, "texture": "#0"},
				"south": {"uv": [2.5, 10, 2, 10.5], "texture": "#0"},
				"west": {"uv": [1, 10, 1.5, 10.5], "rotation": 270, "texture": "#0"},
				"up": {"uv": [0.5, 10, 1, 10.5], "texture": "#0"},
				"down": {"uv": [9.5, 9.5, 10, 10], "rotation": 180, "texture": "#0"}
			}
		},
		{
			"from": [2, 7, 7.5],
			"to": [14, 14, 9],
			"faces": {
				"north": {"uv": [6, 3.5, 0, 0], "rotation": 180, "texture": "#0"},
				"east": {"uv": [7, 4.5, 10.5, 5], "rotation": 90, "texture": "#0"},
				"south": {"uv": [6, 3.5, 0, 7], "texture": "#0"},
				"west": {"uv": [7, 5, 10.5, 5.5], "rotation": 270, "texture": "#0"},
				"up": {"uv": [6, 2.5, 12, 3], "texture": "#0"},
				"down": {"uv": [6, 2, 12, 2.5], "rotation": 180, "texture": "#0"}
			}
		},
		{
			"from": [2, 6, 7.25],
			"to": [7, 7, 9.25],
			"faces": {
				"north": {"uv": [9.5, 7, 7, 6.5], "rotation": 180, "texture": "#0"},
				"east": {"uv": [2.5, 10, 3, 10.5], "rotation": 90, "texture": "#0"},
				"south": {"uv": [9.5, 7, 7, 7.5], "texture": "#0"},
				"west": {"uv": [3, 10, 3.5, 10.5], "rotation": 270, "texture": "#0"},
				"up": {"uv": [7, 6, 9.5, 6.5], "texture": "#0"},
				"down": {"uv": [7, 5.5, 9.5, 6], "rotation": 180, "texture": "#0"}
			}
		},
		{
			"from": [7, 6, 7.25],
			"to": [8, 7, 9.25],
			"faces": {
				"north": {"uv": [6.5, 10.5, 6, 10], "rotation": 180, "texture": "#0"},
				"east": {"uv": [5, 10, 5.5, 10.5], "rotation": 90, "texture": "#0"},
				"south": {"uv": [10.5, 6, 10, 6.5], "texture": "#0"},
				"west": {"uv": [10, 5.5, 10.5, 6], "rotation": 270, "texture": "#0"},
				"up": {"uv": [5.5, 10, 6, 10.5], "texture": "#0"},
				"down": {"uv": [4.5, 10, 5, 10.5], "rotation": 180, "texture": "#0"}
			}
		},
		{
			"from": [9, 5, 7.5],
			"to": [10, 7, 9],
			"faces": {
				"north": {"uv": [9, 9.5, 8.5, 8.5], "rotation": 180, "texture": "#0"},
				"east": {"uv": [8.5, 7.5, 9.5, 8], "rotation": 90, "texture": "#0"},
				"south": {"uv": [1.5, 9, 1, 10], "texture": "#0"},
				"west": {"uv": [8.5, 8, 9.5, 8.5], "rotation": 270, "texture": "#0"},
				"up": {"uv": [10, 6.5, 10.5, 7], "texture": "#0"},
				"down": {"uv": [6.5, 10, 7, 10.5], "rotation": 180, "texture": "#0"}
			}
		},
		{
			"from": [8, 6, 7.5],
			"to": [9, 7, 9],
			"faces": {
				"north": {"uv": [8.5, 10.5, 8, 10], "rotation": 180, "texture": "#0"},
				"east": {"uv": [10, 7, 10.5, 7.5], "rotation": 90, "texture": "#0"},
				"south": {"uv": [10.5, 8, 10, 8.5], "texture": "#0"},
				"west": {"uv": [10, 7.5, 10.5, 8], "rotation": 270, "texture": "#0"},
				"up": {"uv": [7.5, 10, 8, 10.5], "texture": "#0"},
				"down": {"uv": [7, 10, 7.5, 10.5], "rotation": 180, "texture": "#0"}
			}
		},
		{
			"from": [10, 9, 7.25],
			"to": [12, 11, 9.25],
			"faces": {
				"north": {"uv": [3, 8.5, 2, 7.5], "rotation": 180, "texture": "#0"},
				"east": {"uv": [4.5, 9, 5.5, 9.5], "rotation": 90, "texture": "#0"},
				"south": {"uv": [5.5, 8, 4.5, 9], "texture": "#0"},
				"west": {"uv": [6.5, 9, 7.5, 9.5], "rotation": 270, "texture": "#0"},
				"up": {"uv": [5.5, 9, 6.5, 9.5], "texture": "#0"},
				"down": {"uv": [1.5, 9, 2.5, 9.5], "rotation": 180, "texture": "#0"}
			}
		},
		{
			"from": [7, 9, 7.25],
			"to": [9, 11, 9.25],
			"faces": {
				"north": {"uv": [6.5, 9, 5.5, 8], "rotation": 180, "texture": "#0"},
				"east": {"uv": [9, 8.5, 10, 9], "rotation": 90, "texture": "#0"},
				"south": {"uv": [7.5, 8, 6.5, 9], "texture": "#0"},
				"west": {"uv": [0, 9.5, 1, 10], "rotation": 270, "texture": "#0"},
				"up": {"uv": [9, 9, 10, 9.5], "texture": "#0"},
				"down": {"uv": [7.5, 9, 8.5, 9.5], "rotation": 180, "texture": "#0"}
			}
		},
		{
			"from": [4, 9, 7.25],
			"to": [6, 11, 9.25],
			"faces": {
				"north": {"uv": [8.5, 9, 7.5, 8], "rotation": 180, "texture": "#0"},
				"east": {"uv": [9.5, 3, 10.5, 3.5], "rotation": 90, "texture": "#0"},
				"south": {"uv": [1, 8.5, 0, 9.5], "texture": "#0"},
				"west": {"uv": [4.5, 9.5, 5.5, 10], "rotation": 270, "texture": "#0"},
				"up": {"uv": [9.5, 3.5, 10.5, 4], "texture": "#0"},
				"down": {"uv": [1.5, 9.5, 2.5, 10], "rotation": 180, "texture": "#0"}
			}
		}
	],
	"display": {
		"head": {
			"translation": [0, 14, 0]
		}
	},
	"groups": [
		{
			"name": "group",
			"origin": [8, 8, 8],
			"color": 0,
			"children": [0, 1, 2, 3, 4, 5, 6, 7, 8, 9, 10, 11, 12, 13, 14]
		},
		15
	]
}