{
	"textures": {
		"0": "animated_java:item/fake_wall/fake_wall"
	},
	"elements": [
		{
			"from": [
				2,
				26,
				2.0075000000000003
			],
			"to": [
				14,
				32,
				14.0075
			],
			"rotation": {
				"angle": 0,
				"axis": "y",
				"origin": [
					8,
					20,
					8
				]
			},
			"faces": {
				"north": {
					"uv": [
						8,
						6.75,
						10,
						7.75
					],
					"texture": "#0"
				},
				"east": {
					"uv": [
						8,
						7.75,
						10,
						8.75
					],
					"texture": "#0"
				},
				"south": {
					"uv": [
						4,
						8.25,
						6,
						9.25
					],
					"texture": "#0"
				},
				"west": {
					"uv": [
						6,
						8.75,
						8,
						9.75
					],
					"texture": "#0"
				},
				"up": {
					"uv": [
						2,
						2,
						0,
						0
					],
					"texture": "#0"
				},
				"down": {
					"uv": [
						2,
						2,
						0,
						4
					],
					"texture": "#0"
				}
			}
		}
	],
	"display": {
		"head": {
			"rotation": [
				0,
				0,
				0
			]
		}
	}
}