{
	"textures": {
		"0": "animated_java:item/fake_wall/fake_wall"
	},
	"elements": [
		{
			"from": [
				8,
				3.5,
				9
			],
			"to": [
				24,
				12.5,
				25
			],
			"rotation": {
				"angle": 0,
				"axis": "y",
				"origin": [
					24,
					3.5,
					16.97
				]
			},
			"faces": {
				"north": {
					"uv": [
						6,
						5.375,
						8,
						6.5
					],
					"texture": "#0"
				},
				"east": {
					"uv": [
						6,
						6.5,
						8,
						7.625
					],
					"texture": "#0"
				},
				"south": {
					"uv": [
						4,
						7.125,
						6,
						8.25
					],
					"texture": "#0"
				},
				"west": {
					"uv": [
						6,
						7.625,
						8,
						8.75
					],
					"texture": "#0"
				},
				"up": {
					"uv": [
						2,
						6,
						0,
						4
					],
					"texture": "#0"
				},
				"down": {
					"uv": [
						6,
						0,
						4,
						2
					],
					"texture": "#0"
				}
			}
		}
	],
	"display": {
		"head": {
			"rotation": [
				0,
				0,
				0
			]
		}
	}
}