{
	"textures": {
		"0": "animated_java:item/fake_wall/fake_wall"
	},
	"elements": [
		{
			"from": [
				0,
				16,
				0.009999999999999787
			],
			"to": [
				16,
				24,
				16.009999999999998
			],
			"faces": {
				"north": {
					"uv": [
						8,
						8.75,
						10,
						9.75
					],
					"texture": "#0"
				},
				"east": {
					"uv": [
						0,
						9.125,
						2,
						10.125
					],
					"texture": "#0"
				},
				"south": {
					"uv": [
						2,
						9.125,
						4,
						10.125
					],
					"texture": "#0"
				},
				"west": {
					"uv": [
						4,
						9.25,
						6,
						10.25
					],
					"texture": "#0"
				},
				"up": {
					"uv": [
						4,
						6,
						2,
						4
					],
					"texture": "#0"
				},
				"down": {
					"uv": [
						6,
						2,
						4,
						4
					],
					"texture": "#0"
				}
			}
		}
	],
	"display": {
		"head": {
			"rotation": [
				0,
				0,
				0
			]
		}
	}
}