{
	"textures": {
		"0": "animated_java:item/fake_wall/fake_wall"
	},
	"elements": [
		{
			"from": [
				-8,
				3.5,
				8
			],
			"to": [
				8,
				12.5,
				24
			],
			"faces": {
				"north": {
					"uv": [
						8,
						2.25,
						10,
						3.375
					],
					"texture": "#0"
				},
				"east": {
					"uv": [
						8,
						3.375,
						10,
						4.5
					],
					"texture": "#0"
				},
				"south": {
					"uv": [
						8,
						4.5,
						10,
						5.625
					],
					"texture": "#0"
				},
				"west": {
					"uv": [
						8,
						5.625,
						10,
						6.75
					],
					"texture": "#0"
				},
				"up": {
					"uv": [
						8,
						2,
						6,
						0
					],
					"texture": "#0"
				},
				"down": {
					"uv": [
						4,
						6,
						2,
						8
					],
					"texture": "#0"
				}
			}
		}
	],
	"display": {
		"head": {
			"rotation": [
				0,
				0,
				0
			]
		}
	}
}