{
	"textures": {
		"0": "animated_java:item/fake_wall/fake_wall"
	},
	"elements": [
		{
			"from": [
				8,
				3.5,
				8
			],
			"to": [
				24,
				12.5,
				24
			],
			"faces": {
				"north": {
					"uv": [
						0,
						8,
						2,
						9.125
					],
					"texture": "#0"
				},
				"east": {
					"uv": [
						8,
						0,
						10,
						1.125
					],
					"texture": "#0"
				},
				"south": {
					"uv": [
						8,
						1.125,
						10,
						2.25
					],
					"texture": "#0"
				},
				"west": {
					"uv": [
						2,
						8,
						4,
						9.125
					],
					"texture": "#0"
				},
				"up": {
					"uv": [
						6,
						6,
						4,
						4
					],
					"texture": "#0"
				},
				"down": {
					"uv": [
						2,
						6,
						0,
						8
					],
					"texture": "#0"
				}
			}
		}
	],
	"display": {
		"head": {
			"rotation": [
				0,
				0,
				0
			]
		}
	}
}