{
	"credit": "Made with Blockbench",
	"textures": {
		"0": "minecraft:item/dirt/figure/skin/odoroku",
		"particle": "minecraft:item/dirt/figure/skin/odoroku"
	},
	"elements": [
		{
			"name": "head",
			"from": [4, 9.5, 6],
			"to": [12, 17.5, 14],
			"rotation": {"angle": 0, "axis": "z", "origin": [8, 10.5, 10]},
			"faces": {
				"north": {"uv": [2, 0, 4, 2], "texture": "#0"},
				"east": {"uv": [4, 2, 6, 4], "texture": "#0"},
				"south": {"uv": [2, 2, 4, 4], "texture": "#0"},
				"west": {"uv": [0, 2, 2, 4], "texture": "#0"},
				"up": {"uv": [2, 0, 4, 2], "texture": "#0"},
				"down": {"uv": [4, 0, 6, 2], "texture": "#0"}
			}
		},
		{
			"name": "head_over",
			"from": [3.81, 9.25, 5.81],
			"to": [12.01, 17.7, 14.01],
			"rotation": {"angle": 0, "axis": "y", "origin": [8, 10.5, 10]},
			"faces": {
				"north": {"uv": [14, 2, 16, 4], "texture": "#0"},
				"east": {"uv": [12, 2, 14, 4], "texture": "#0"},
				"south": {"uv": [10, 2, 12, 4], "texture": "#0"},
				"west": {"uv": [8, 2, 10, 4], "texture": "#0"},
				"up": {"uv": [14, 0, 16, 2], "texture": "#0"},
				"down": {"uv": [12, 0, 14, 2], "rotation": 180, "texture": "#0"}
			}
		},
		{
			"name": "body",
			"from": [6, 4.5, 8.999],
			"to": [10, 9.5, 11.009],
			"rotation": {"angle": 0, "axis": "y", "origin": [0, -0.5, 0]},
			"faces": {
				"north": {"uv": [9, 5, 10.5, 8], "texture": "#0"},
				"east": {"uv": [7, 5, 8.01, 8], "texture": "#0"},
				"south": {"uv": [5, 5, 7, 8], "texture": "#0"},
				"west": {"uv": [4, 5, 5.01, 8], "texture": "#0"},
				"up": {"uv": [5, 4, 7, 5.01], "texture": "#0"},
				"down": {"uv": [4, 15, 5, 15.51], "texture": "#0"}
			}
		},
		{
			"name": "body_over",
			"from": [5.98, 4.49, 8.989],
			"to": [10.03, 9.49, 11.039],
			"rotation": {"angle": 0, "axis": "y", "origin": [0, -0.5, 0]},
			"faces": {
				"north": {"uv": [8.25, 9, 9.75, 12], "texture": "#0"},
				"east": {"uv": [7, 8.25, 8.01, 12], "texture": "#0"},
				"south": {"uv": [5, 8.25, 7, 12], "texture": "#0"},
				"west": {"uv": [4, 8.25, 5.01, 12], "texture": "#0"},
				"up": {"uv": [8, 8.25, 9.75, 9.01], "texture": "#0"},
				"down": {"uv": [9.75, 8.25, 11.5, 9.01], "texture": "#0"}
			}
		},
		{
			"name": "left_hand",
			"from": [9.96456, 7.94184, 9],
			"to": [14.46456, 9.94184, 11],
			"rotation": {"angle": 22.5, "axis": "z", "origin": [11.21457, 7.94185, 10]},
			"faces": {
				"north": {"uv": [10, 13, 11, 16], "rotation": 90, "texture": "#0"},
				"east": {"uv": [10, 12, 11, 13], "texture": "#0"},
				"south": {"uv": [8, 13, 9, 16], "rotation": 270, "texture": "#0"},
				"west": {"uv": [9, 12, 10, 13], "rotation": 180, "texture": "#0"},
				"up": {"uv": [9, 13, 10, 16], "rotation": 270, "texture": "#0"},
				"down": {"uv": [11, 13, 12, 16], "rotation": 270, "texture": "#0"}
			}
		},
		{
			"name": "left_hand_over",
			"from": [9.86459, 7.84186, 8.9],
			"to": [14.56459, 10.04186, 11.1],
			"rotation": {"angle": 22.5, "axis": "z", "origin": [11.21457, 7.94185, 10]},
			"faces": {
				"north": {"uv": [12, 13, 13, 16], "rotation": 90, "texture": "#0"},
				"east": {"uv": [14, 12, 15, 13], "texture": "#0"},
				"south": {"uv": [15, 13, 16, 16], "rotation": 270, "texture": "#0"},
				"west": {"uv": [13, 12, 14, 13], "rotation": 180, "texture": "#0"},
				"up": {"uv": [13, 13, 14, 16], "rotation": 270, "texture": "#0"},
				"down": {"uv": [14, 13, 15, 16], "rotation": 270, "texture": "#0"}
			}
		},
		{
			"name": "right_hand",
			"from": [2.7455, 5.5406, 9],
			"to": [4.7455, 10.0406, 11],
			"rotation": {"angle": -22.5, "axis": "z", "origin": [4.89023, 5.07632, 10]},
			"faces": {
				"north": {"uv": [10, 13, 11, 16], "texture": "#0"},
				"east": {"uv": [11, 13, 12, 16], "texture": "#0"},
				"south": {"uv": [8, 13, 9, 16], "texture": "#0"},
				"west": {"uv": [9, 13, 10, 16], "texture": "#0"},
				"up": {"uv": [9, 12, 10, 13], "rotation": 270, "texture": "#0"},
				"down": {"uv": [10, 12, 11, 13], "rotation": 90, "texture": "#0"}
			}
		},
		{
			"name": "right_hand_over",
			"from": [2.6455, 5.4406, 8.9],
			"to": [4.8455, 10.1406, 11.1],
			"rotation": {"angle": -22.5, "axis": "z", "origin": [4.89023, 5.07632, 10]},
			"faces": {
				"north": {"uv": [14, 13, 15, 16], "texture": "#0"},
				"east": {"uv": [15, 13, 16, 16], "texture": "#0"},
				"south": {"uv": [12, 13, 13, 16], "texture": "#0"},
				"west": {"uv": [13, 13, 14, 16], "texture": "#0"},
				"up": {"uv": [13, 12, 14, 13], "rotation": 270, "texture": "#0"},
				"down": {"uv": [14, 12, 15, 13], "rotation": 90, "texture": "#0"}
			}
		},
		{
			"name": "left_leg",
			"from": [7.9955, -0.09083, 9.70732],
			"to": [9.9955, 4.65917, 11.70732],
			"rotation": {"angle": -22.5, "axis": "x", "origin": [8.9955, 2.28418, 9.95731]},
			"faces": {
				"north": {"uv": [7, 13, 8, 16], "texture": "#0"},
				"east": {"uv": [6, 13, 7, 16], "texture": "#0"},
				"south": {"uv": [5, 13, 6, 16], "texture": "#0"},
				"west": {"uv": [4, 13, 5, 16], "texture": "#0"},
				"up": {"uv": [6, 12, 7, 13], "rotation": 270, "texture": "#0"},
				"down": {"uv": [5, 12, 6, 13], "rotation": 90, "texture": "#0"}
			}
		},
		{
			"name": "left_leg_over",
			"from": [7.8955, -0.19081, 9.6073],
			"to": [10.0955, 4.75919, 11.8073],
			"rotation": {"angle": -22.5, "axis": "x", "origin": [8.9955, 2.28418, 9.95731]},
			"faces": {
				"north": {"uv": [3, 9, 4, 12], "texture": "#0"},
				"east": {"uv": [1, 9, 2, 12], "texture": "#0"},
				"south": {"uv": [0, 9, 1, 12], "texture": "#0"},
				"west": {"uv": [2, 9, 3, 12], "texture": "#0"},
				"up": {"uv": [2, 8, 3, 9], "rotation": 270, "texture": "#0"},
				"down": {"uv": [1, 8, 2, 9], "rotation": 90, "texture": "#0"}
			}
		},
		{
			"name": "right_leg",
			"from": [5.9955, -0.09083, 8.95732],
			"to": [7.9955, 4.65917, 10.95732],
			"rotation": {"angle": 0, "axis": "x", "origin": [6.9955, 0.65695, 11.28794]},
			"faces": {
				"north": {"uv": [7, 13, 8, 16], "texture": "#0"},
				"east": {"uv": [4, 13, 5, 16], "texture": "#0"},
				"south": {"uv": [5, 13, 6, 16], "texture": "#0"},
				"west": {"uv": [6, 13, 7, 16], "texture": "#0"},
				"up": {"uv": [6, 12, 7, 13], "rotation": 270, "texture": "#0"},
				"down": {"uv": [5, 12, 6, 13], "rotation": 90, "texture": "#0"}
			}
		},
		{
			"name": "right_leg_over",
			"from": [5.8955, -0.19081, 8.8573],
			"to": [8.0955, 4.75919, 11.0573],
			"rotation": {"angle": 0, "axis": "x", "origin": [6.9955, 0.65695, 11.28794]},
			"faces": {
				"north": {"uv": [3, 13, 4, 16], "texture": "#0"},
				"east": {"uv": [1, 13, 2, 16], "texture": "#0"},
				"south": {"uv": [0, 13, 1, 16], "texture": "#0"},
				"west": {"uv": [2, 13, 3, 16], "texture": "#0"},
				"up": {"uv": [2, 12, 3, 13], "rotation": 270, "texture": "#0"},
				"down": {"uv": [1, 12, 2, 13], "rotation": 90, "texture": "#0"}
			}
		}
	],
	"display": {},
	"groups": [
		{
			"name": "head",
			"origin": [8, 8, 8],
			"color": 0,
			"children": [0, 1]
		},
		{
			"name": "body",
			"origin": [8, 8, 8],
			"color": 0,
			"children": [2, 3]
		},
		{
			"name": "left_hand",
			"origin": [8, 8, 8],
			"color": 0,
			"children": [4, 5]
		},
		{
			"name": "right_hand",
			"origin": [8, 8, 8],
			"color": 0,
			"children": [6, 7]
		},
		{
			"name": "left_leg",
			"origin": [8, 8, 8],
			"color": 0,
			"children": [8, 9]
		},
		{
			"name": "rlght_reg",
			"origin": [8, 8, 8],
			"color": 0,
			"children": [10, 11]
		}
	]
}