{
	"textures": {
		"texture": "item/carrot_on_a_stick/inventory_menu/inventory_ui"
	},
	"gui_light":"front",
	"elements": [ 	 
		{
			"from": [ 7.25, -10.95, -13.63 ],
			"to": [ -7.251, 30.5, 30.5 ],
			"faces": {
				"west": { "uv": [ 0, 0, 16, 16 ], "texture": "#texture" },
				"east": { "uv": [ 0, 0, 16, 16 ], "texture": "#texture" }
			}
		}
	],
	"display": {
		"gui": {
			"rotation":  [ 0, -90, 0 ],
			"translation":  [ 73.7, -74, 50 ],
			"scale":  [ 3.985, 3.985, 3.985 ]
		},
		"ground" :{
			"scale": [0,0,0]
		},
		"head": {
			"scale": [0, 0, 0]
		}
	}
}