{
	"textures": {
		"2": "animated_java:item/windmill/wing__stairs"
	},
	"elements": [
		{
			"from": [
				22.15625,
				-13,
				5
			],
			"to": [
				28.15625,
				-10,
				11
			],
			"rotation": {
				"angle": 0,
				"axis": "y",
				"origin": [
					1.625,
					-14.5,
					8
				]
			},
			"faces": {
				"north": {
					"uv": [
						10,
						8,
						12,
						9
					],
					"texture": "#2"
				},
				"east": {
					"uv": [
						9,
						10,
						11,
						11
					],
					"texture": "#2"
				},
				"south": {
					"uv": [
						10,
						9,
						12,
						10
					],
					"texture": "#2"
				},
				"west": {
					"uv": [
						0,
						11,
						2,
						12
					],
					"texture": "#2"
				},
				"up": {
					"uv": [
						6,
						6,
						4,
						4
					],
					"texture": "#2"
				},
				"down": {
					"uv": [
						2,
						6,
						0,
						8
					],
					"texture": "#2"
				}
			}
		},
		{
			"from": [
				25.15625,
				-16,
				5
			],
			"to": [
				28.15625,
				-13,
				11
			],
			"rotation": {
				"angle": 0,
				"axis": "y",
				"origin": [
					1.625,
					-14.5,
					8
				]
			},
			"faces": {
				"north": {
					"uv": [
						13,
						1,
						14,
						2
					],
					"texture": "#2"
				},
				"east": {
					"uv": [
						11,
						1,
						13,
						2
					],
					"texture": "#2"
				},
				"south": {
					"uv": [
						2,
						13,
						3,
						14
					],
					"texture": "#2"
				},
				"west": {
					"uv": [
						2,
						11,
						4,
						12
					],
					"texture": "#2"
				},
				"up": {
					"uv": [
						8,
						12,
						7,
						10
					],
					"texture": "#2"
				},
				"down": {
					"uv": [
						5,
						11,
						4,
						13
					],
					"texture": "#2"
				}
			}
		}
	],
	"display": {
		"head": {
			"rotation": [
				0,
				0,
				0
			]
		}
	}
}