{
	"textures": {
		"2": "animated_java:item/windmill/wing__stairs"
	},
	"elements": [
		{
			"from": [
				18.875,
				-12,
				4
			],
			"to": [
				26.875,
				-8,
				12
			],
			"rotation": {
				"angle": 0,
				"axis": "y",
				"origin": [
					-0.5,
					-22,
					8
				]
			},
			"faces": {
				"north": {
					"uv": [
						0,
						10,
						2,
						11
					],
					"texture": "#2"
				},
				"east": {
					"uv": [
						10,
						0,
						12,
						1
					],
					"texture": "#2"
				},
				"south": {
					"uv": [
						2,
						10,
						4,
						11
					],
					"texture": "#2"
				},
				"west": {
					"uv": [
						10,
						3,
						12,
						4
					],
					"texture": "#2"
				},
				"up": {
					"uv": [
						4,
						6,
						2,
						4
					],
					"texture": "#2"
				},
				"down": {
					"uv": [
						6,
						2,
						4,
						4
					],
					"texture": "#2"
				}
			}
		},
		{
			"from": [
				22.875,
				-16,
				4
			],
			"to": [
				26.875,
				-12,
				12
			],
			"rotation": {
				"angle": 0,
				"axis": "y",
				"origin": [
					-0.5,
					-22,
					8
				]
			},
			"faces": {
				"north": {
					"uv": [
						12,
						12,
						13,
						13
					],
					"texture": "#2"
				},
				"east": {
					"uv": [
						4,
						10,
						6,
						11
					],
					"texture": "#2"
				},
				"south": {
					"uv": [
						1,
						13,
						2,
						14
					],
					"texture": "#2"
				},
				"west": {
					"uv": [
						10,
						4,
						12,
						5
					],
					"texture": "#2"
				},
				"up": {
					"uv": [
						11,
						7,
						10,
						5
					],
					"texture": "#2"
				},
				"down": {
					"uv": [
						7,
						10,
						6,
						12
					],
					"texture": "#2"
				}
			}
		}
	],
	"display": {
		"head": {
			"rotation": [
				0,
				0,
				0
			]
		}
	}
}