{
	"textures": {
		"2": "animated_java:item/windmill/wing__stairs"
	},
	"elements": [
		{
			"from": [
				-2,
				0,
				0
			],
			"to": [
				14,
				8,
				16
			],
			"rotation": {
				"angle": 0,
				"axis": "y",
				"origin": [
					-9,
					-52,
					8
				]
			},
			"faces": {
				"north": {
					"uv": [
						6,
						4,
						8,
						5
					],
					"texture": "#2"
				},
				"east": {
					"uv": [
						6,
						5,
						8,
						6
					],
					"texture": "#2"
				},
				"south": {
					"uv": [
						6,
						6,
						8,
						7
					],
					"texture": "#2"
				},
				"west": {
					"uv": [
						6,
						7,
						8,
						8
					],
					"texture": "#2"
				},
				"up": {
					"uv": [
						2,
						2,
						0,
						0
					],
					"texture": "#2"
				},
				"down": {
					"uv": [
						2,
						2,
						0,
						4
					],
					"texture": "#2"
				}
			}
		},
		{
			"from": [
				6,
				8,
				0
			],
			"to": [
				14,
				16,
				16
			],
			"rotation": {
				"angle": 0,
				"axis": "y",
				"origin": [
					-9,
					-52,
					8
				]
			},
			"faces": {
				"north": {
					"uv": [
						12,
						8,
						13,
						9
					],
					"texture": "#2"
				},
				"east": {
					"uv": [
						0,
						8,
						2,
						9
					],
					"texture": "#2"
				},
				"south": {
					"uv": [
						9,
						12,
						10,
						13
					],
					"texture": "#2"
				},
				"west": {
					"uv": [
						8,
						0,
						10,
						1
					],
					"texture": "#2"
				},
				"up": {
					"uv": [
						9,
						3,
						8,
						1
					],
					"texture": "#2"
				},
				"down": {
					"uv": [
						3,
						8,
						2,
						10
					],
					"texture": "#2"
				}
			}
		}
	],
	"display": {
		"head": {
			"rotation": [
				0,
				0,
				0
			]
		}
	}
}