{
	"textures": {
		"2": "animated_java:item/windmill/wing__stairs"
	},
	"elements": [
		{
			"from": [
				24.125,
				-13.599999999999998,
				5.6
			],
			"to": [
				28.925,
				-11.2,
				10.4
			],
			"rotation": {
				"angle": 0,
				"axis": "y",
				"origin": [
					2.9000000000000004,
					-10,
					8
				]
			},
			"faces": {
				"north": {
					"uv": [
						11,
						2,
						13,
						3
					],
					"texture": "#2"
				},
				"east": {
					"uv": [
						11,
						5,
						13,
						6
					],
					"texture": "#2"
				},
				"south": {
					"uv": [
						11,
						6,
						13,
						7
					],
					"texture": "#2"
				},
				"west": {
					"uv": [
						11,
						7,
						13,
						8
					],
					"texture": "#2"
				},
				"up": {
					"uv": [
						8,
						2,
						6,
						0
					],
					"texture": "#2"
				},
				"down": {
					"uv": [
						4,
						6,
						2,
						8
					],
					"texture": "#2"
				}
			}
		},
		{
			"from": [
				26.525,
				-16,
				5.6
			],
			"to": [
				28.925,
				-13.599999999999998,
				10.4
			],
			"rotation": {
				"angle": 0,
				"axis": "y",
				"origin": [
					2.9000000000000004,
					-10,
					8
				]
			},
			"faces": {
				"north": {
					"uv": [
						13,
						2,
						14,
						3
					],
					"texture": "#2"
				},
				"east": {
					"uv": [
						8,
						11,
						10,
						12
					],
					"texture": "#2"
				},
				"south": {
					"uv": [
						4,
						13,
						5,
						14
					],
					"texture": "#2"
				},
				"west": {
					"uv": [
						10,
						11,
						12,
						12
					],
					"texture": "#2"
				},
				"up": {
					"uv": [
						6,
						13,
						5,
						11
					],
					"texture": "#2"
				},
				"down": {
					"uv": [
						1,
						12,
						0,
						14
					],
					"texture": "#2"
				}
			}
		}
	],
	"display": {
		"head": {
			"rotation": [
				0,
				0,
				0
			]
		}
	}
}