{
	"textures": {
		"2": "animated_java:item/windmill/wing__stairs"
	},
	"elements": [
		{
			"from": [
				12.5,
				-10,
				2
			],
			"to": [
				24.5,
				-4,
				14
			],
			"rotation": {
				"angle": 0,
				"axis": "y",
				"origin": [
					-4.75,
					-37,
					8
				]
			},
			"faces": {
				"north": {
					"uv": [
						0,
						9,
						2,
						10
					],
					"texture": "#2"
				},
				"east": {
					"uv": [
						9,
						1,
						11,
						2
					],
					"texture": "#2"
				},
				"south": {
					"uv": [
						9,
						2,
						11,
						3
					],
					"texture": "#2"
				},
				"west": {
					"uv": [
						3,
						9,
						5,
						10
					],
					"texture": "#2"
				},
				"up": {
					"uv": [
						2,
						6,
						0,
						4
					],
					"texture": "#2"
				},
				"down": {
					"uv": [
						6,
						0,
						4,
						2
					],
					"texture": "#2"
				}
			}
		},
		{
			"from": [
				18.5,
				-16,
				2
			],
			"to": [
				24.5,
				-10,
				14
			],
			"rotation": {
				"angle": 0,
				"axis": "y",
				"origin": [
					-4.75,
					-37,
					8
				]
			},
			"faces": {
				"north": {
					"uv": [
						11,
						12,
						12,
						13
					],
					"texture": "#2"
				},
				"east": {
					"uv": [
						5,
						9,
						7,
						10
					],
					"texture": "#2"
				},
				"south": {
					"uv": [
						12,
						11,
						13,
						12
					],
					"texture": "#2"
				},
				"west": {
					"uv": [
						9,
						7,
						11,
						8
					],
					"texture": "#2"
				},
				"up": {
					"uv": [
						9,
						11,
						8,
						9
					],
					"texture": "#2"
				},
				"down": {
					"uv": [
						10,
						8,
						9,
						10
					],
					"texture": "#2"
				}
			}
		}
	],
	"display": {
		"head": {
			"rotation": [
				0,
				0,
				0
			]
		}
	}
}