{
	"textures": {
		"2": "animated_java:item/windmill/wing__stairs"
	},
	"elements": [
		{
			"from": [
				21.5,
				-14,
				6
			],
			"to": [
				25.5,
				-12,
				10
			],
			"rotation": {
				"angle": 0,
				"axis": "y",
				"origin": [
					24.75,
					-14.75,
					8
				]
			},
			"faces": {
				"north": {
					"uv": [
						11,
						10,
						13,
						11
					],
					"texture": "#2"
				},
				"east": {
					"uv": [
						12,
						0,
						14,
						1
					],
					"texture": "#2"
				},
				"south": {
					"uv": [
						1,
						12,
						3,
						13
					],
					"texture": "#2"
				},
				"west": {
					"uv": [
						12,
						3,
						14,
						4
					],
					"texture": "#2"
				},
				"up": {
					"uv": [
						8,
						4,
						6,
						2
					],
					"texture": "#2"
				},
				"down": {
					"uv": [
						6,
						6,
						4,
						8
					],
					"texture": "#2"
				}
			}
		},
		{
			"from": [
				21.5,
				-16,
				6
			],
			"to": [
				23.5,
				-14,
				10
			],
			"rotation": {
				"angle": 0,
				"axis": "y",
				"origin": [
					24.75,
					-14.75,
					8
				]
			},
			"faces": {
				"north": {
					"uv": [
						5,
						13,
						6,
						14
					],
					"texture": "#2"
				},
				"east": {
					"uv": [
						12,
						4,
						14,
						5
					],
					"texture": "#2"
				},
				"south": {
					"uv": [
						13,
						5,
						14,
						6
					],
					"texture": "#2"
				},
				"west": {
					"uv": [
						6,
						12,
						8,
						13
					],
					"texture": "#2"
				},
				"up": {
					"uv": [
						4,
						14,
						3,
						12
					],
					"texture": "#2"
				},
				"down": {
					"uv": [
						9,
						12,
						8,
						14
					],
					"texture": "#2"
				}
			}
		}
	],
	"display": {
		"head": {
			"rotation": [
				0,
				0,
				0
			]
		}
	}
}