{
	"textures": {
		"3": "animated_java:item/windmill/wing_main"
	},
	"elements": [
		{
			"from": [
				2,
				2,
				0.59375
			],
			"to": [
				14,
				14,
				6.59375
			],
			"rotation": {
				"angle": 0,
				"axis": "y",
				"origin": [
					-13,
					2,
					9.59375
				]
			},
			"faces": {
				"north": {
					"uv": [
						0,
						4,
						2,
						6
					],
					"texture": "#3"
				},
				"east": {
					"uv": [
						2,
						5,
						3,
						7
					],
					"texture": "#3"
				},
				"south": {
					"uv": [
						4,
						0,
						6,
						2
					],
					"texture": "#3"
				},
				"west": {
					"uv": [
						3,
						5,
						4,
						7
					],
					"texture": "#3"
				},
				"up": {
					"uv": [
						6,
						4,
						4,
						3
					],
					"texture": "#3"
				},
				"down": {
					"uv": [
						6,
						5,
						4,
						6
					],
					"texture": "#3"
				}
			}
		},
		{
			"from": [
				2,
				-4,
				6.59375
			],
			"to": [
				14,
				2,
				12.59375
			],
			"rotation": {
				"angle": 0,
				"axis": "y",
				"origin": [
					-13,
					2,
					9.59375
				]
			},
			"faces": {
				"north": {
					"uv": [
						0,
						6,
						2,
						7
					],
					"texture": "#3"
				},
				"east": {
					"uv": [
						2,
						7,
						3,
						8
					],
					"texture": "#3"
				},
				"south": {
					"uv": [
						6,
						0,
						8,
						1
					],
					"texture": "#3"
				},
				"west": {
					"uv": [
						3,
						7,
						4,
						8
					],
					"texture": "#3"
				},
				"up": {
					"uv": [
						8,
						2,
						6,
						1
					],
					"texture": "#3"
				},
				"down": {
					"uv": [
						8,
						3,
						6,
						4
					],
					"texture": "#3"
				}
			}
		},
		{
			"from": [
				2,
				14,
				6.59375
			],
			"to": [
				14,
				20,
				12.59375
			],
			"rotation": {
				"angle": 0,
				"axis": "y",
				"origin": [
					-13,
					2,
					9.59375
				]
			},
			"faces": {
				"north": {
					"uv": [
						4,
						6,
						6,
						7
					],
					"texture": "#3"
				},
				"east": {
					"uv": [
						4,
						7,
						5,
						8
					],
					"texture": "#3"
				},
				"south": {
					"uv": [
						6,
						4,
						8,
						5
					],
					"texture": "#3"
				},
				"west": {
					"uv": [
						5,
						7,
						6,
						8
					],
					"texture": "#3"
				},
				"up": {
					"uv": [
						8,
						6,
						6,
						5
					],
					"texture": "#3"
				},
				"down": {
					"uv": [
						8,
						6,
						6,
						7
					],
					"texture": "#3"
				}
			}
		},
		{
			"from": [
				-4,
				2,
				6.59375
			],
			"to": [
				20,
				14,
				12.59375
			],
			"rotation": {
				"angle": 0,
				"axis": "y",
				"origin": [
					-13,
					2,
					9.59375
				]
			},
			"faces": {
				"north": {
					"uv": [
						0,
						0,
						4,
						2
					],
					"texture": "#3"
				},
				"east": {
					"uv": [
						0,
						7,
						1,
						9
					],
					"texture": "#3"
				},
				"south": {
					"uv": [
						0,
						2,
						4,
						4
					],
					"texture": "#3"
				},
				"west": {
					"uv": [
						1,
						7,
						2,
						9
					],
					"texture": "#3"
				},
				"up": {
					"uv": [
						6,
						5,
						2,
						4
					],
					"texture": "#3"
				},
				"down": {
					"uv": [
						8,
						2,
						4,
						3
					],
					"texture": "#3"
				}
			}
		}
	],
	"display": {
		"head": {
			"rotation": [
				0,
				0,
				0
			]
		}
	}
}