{
	"textures": {
		"0": "animated_java:item/windmill/wing_wool"
	},
	"elements": [
		{
			"from": [
				-15.03125,
				8,
				7
			],
			"to": [
				8.96875,
				10,
				9
			],
			"rotation": {
				"angle": 0,
				"axis": "y",
				"origin": [
					8,
					8,
					8
				]
			},
			"faces": {
				"north": {
					"uv": [
						0,
						0,
						12,
						1
					],
					"texture": "#0"
				},
				"east": {
					"uv": [
						9,
						9,
						10,
						10
					],
					"texture": "#0"
				},
				"south": {
					"uv": [
						0,
						1,
						12,
						2
					],
					"texture": "#0"
				},
				"west": {
					"uv": [
						0,
						10,
						1,
						11
					],
					"texture": "#0"
				},
				"up": {
					"uv": [
						12,
						3,
						0,
						2
					],
					"texture": "#0"
				},
				"down": {
					"uv": [
						12,
						3,
						0,
						4
					],
					"texture": "#0"
				}
			}
		},
		{
			"from": [
				-13.03125,
				6,
				7
			],
			"to": [
				4.96875,
				8,
				9
			],
			"rotation": {
				"angle": 0,
				"axis": "y",
				"origin": [
					8,
					8,
					8
				]
			},
			"faces": {
				"north": {
					"uv": [
						0,
						4,
						9,
						5
					],
					"texture": "#0"
				},
				"east": {
					"uv": [
						1,
						10,
						2,
						11
					],
					"texture": "#0"
				},
				"south": {
					"uv": [
						0,
						5,
						9,
						6
					],
					"texture": "#0"
				},
				"west": {
					"uv": [
						2,
						10,
						3,
						11
					],
					"texture": "#0"
				},
				"up": {
					"uv": [
						9,
						7,
						0,
						6
					],
					"texture": "#0"
				},
				"down": {
					"uv": [
						9,
						7,
						0,
						8
					],
					"texture": "#0"
				}
			}
		},
		{
			"from": [
				-11.03125,
				4,
				7
			],
			"to": [
				0.96875,
				6,
				9
			],
			"rotation": {
				"angle": 0,
				"axis": "y",
				"origin": [
					8,
					8,
					8
				]
			},
			"faces": {
				"north": {
					"uv": [
						0,
						8,
						6,
						9
					],
					"texture": "#0"
				},
				"east": {
					"uv": [
						3,
						10,
						4,
						11
					],
					"texture": "#0"
				},
				"south": {
					"uv": [
						6,
						8,
						12,
						9
					],
					"texture": "#0"
				},
				"west": {
					"uv": [
						4,
						10,
						5,
						11
					],
					"texture": "#0"
				},
				"up": {
					"uv": [
						6,
						10,
						0,
						9
					],
					"texture": "#0"
				},
				"down": {
					"uv": [
						15,
						4,
						9,
						5
					],
					"texture": "#0"
				}
			}
		},
		{
			"from": [
				-9.03125,
				2,
				7
			],
			"to": [
				-3.03125,
				4,
				9
			],
			"rotation": {
				"angle": 0,
				"axis": "y",
				"origin": [
					8,
					8,
					8
				]
			},
			"faces": {
				"north": {
					"uv": [
						9,
						5,
						12,
						6
					],
					"texture": "#0"
				},
				"east": {
					"uv": [
						5,
						10,
						6,
						11
					],
					"texture": "#0"
				},
				"south": {
					"uv": [
						6,
						9,
						9,
						10
					],
					"texture": "#0"
				},
				"west": {
					"uv": [
						6,
						10,
						7,
						11
					],
					"texture": "#0"
				},
				"up": {
					"uv": [
						12,
						7,
						9,
						6
					],
					"texture": "#0"
				},
				"down": {
					"uv": [
						12,
						7,
						9,
						8
					],
					"texture": "#0"
				}
			}
		},
		{
			"from": [
				-9.03125,
				0,
				7
			],
			"to": [
				-7.03125,
				2,
				9
			],
			"rotation": {
				"angle": 0,
				"axis": "y",
				"origin": [
					8,
					8,
					8
				]
			},
			"faces": {
				"north": {
					"uv": [
						7,
						10,
						8,
						11
					],
					"texture": "#0"
				},
				"east": {
					"uv": [
						8,
						10,
						9,
						11
					],
					"texture": "#0"
				},
				"south": {
					"uv": [
						9,
						10,
						10,
						11
					],
					"texture": "#0"
				},
				"west": {
					"uv": [
						10,
						9,
						11,
						10
					],
					"texture": "#0"
				},
				"up": {
					"uv": [
						11,
						11,
						10,
						10
					],
					"texture": "#0"
				},
				"down": {
					"uv": [
						1,
						11,
						0,
						12
					],
					"texture": "#0"
				}
			}
		}
	],
	"display": {
		"head": {
			"rotation": [
				0,
				0,
				0
			]
		}
	}
}