{
	"credit": "Made with Blockbench",
	"texture_size": [128, 128],
	"textures": {
		"6": "item/apple/apple_box_empty",
		"particle": "item/apple/apple_box_empty"
	},
	"elements": [
		{
			"from": [0, 9, 2],
			"to": [16, 18, 2.5],
			"rotation": {"angle": 0, "axis": "y", "origin": [8.09958, 12.44135, 8]},
			"faces": {
				"north": {"uv": [3.75, 3, 5.75, 4.125], "texture": "#6"},
				"east": {"uv": [0.75, 7.5, 0.875, 8.625], "texture": "#6"},
				"south": {"uv": [4, 0, 6, 1.125], "texture": "#6"},
				"west": {"uv": [0.875, 7.5, 1, 8.625], "texture": "#6"},
				"up": {"uv": [9.25, 4.375, 7.25, 4.25], "texture": "#6"},
				"down": {"uv": [9.25, 4.375, 7.25, 4.5], "texture": "#6"}
			}
		},
		{
			"from": [0, 9, 13.5],
			"to": [16, 18, 14],
			"rotation": {"angle": 0, "axis": "y", "origin": [8.09958, 12.44135, 8]},
			"faces": {
				"north": {"uv": [4, 1.125, 6, 2.25], "texture": "#6"},
				"east": {"uv": [1, 7.5, 1.125, 8.625], "texture": "#6"},
				"south": {"uv": [3.75, 4.125, 5.75, 5.25], "texture": "#6"},
				"west": {"uv": [1.125, 7.5, 1.25, 8.625], "texture": "#6"},
				"up": {"uv": [2, 7.5, 0, 7.375], "texture": "#6"},
				"down": {"uv": [9.375, 4.5, 7.375, 4.625], "texture": "#6"}
			}
		},
		{
			"from": [15.5, 9, 2.5],
			"to": [16, 18, 13.5],
			"rotation": {"angle": 0, "axis": "y", "origin": [8.09958, 12.44135, 8]},
			"faces": {
				"north": {"uv": [1.25, 7.5, 1.375, 8.625], "texture": "#6"},
				"east": {"uv": [6, 4.5, 7.375, 5.625], "texture": "#6"},
				"south": {"uv": [1.375, 7.5, 1.5, 8.625], "texture": "#6"},
				"west": {"uv": [6, 5.625, 7.375, 6.75], "texture": "#6"},
				"up": {"uv": [7.5, 6.75, 7.375, 5.375], "texture": "#6"},
				"down": {"uv": [0.5, 7.5, 0.375, 8.875], "texture": "#6"}
			}
		},
		{
			"from": [0.5, 9, 2.5],
			"to": [15.5, 9.5, 13.5],
			"rotation": {"angle": 0, "axis": "y", "origin": [8.09958, 12.44135, 8]},
			"faces": {
				"north": {"uv": [7.375, 5.125, 9.25, 5.25], "texture": "#6"},
				"east": {"uv": [4, 2.875, 5.375, 3], "texture": "#6"},
				"south": {"uv": [7.375, 5.25, 9.25, 5.375], "texture": "#6"},
				"west": {"uv": [2, 5, 3.375, 5.125], "texture": "#6"},
				"up": {"uv": [1.875, 4.375, 0, 3], "texture": "#6"},
				"down": {"uv": [3.75, 3, 1.875, 4.375], "texture": "#6"}
			}
		},
		{
			"from": [0, 9, 2.5],
			"to": [0.5, 18, 13.5],
			"rotation": {"angle": 0, "axis": "y", "origin": [8.09958, 12.44135, 8]},
			"faces": {
				"north": {"uv": [1.5, 7.5, 1.625, 8.625], "texture": "#6"},
				"east": {"uv": [2, 6.375, 3.375, 7.5], "texture": "#6"},
				"south": {"uv": [1.625, 7.5, 1.75, 8.625], "texture": "#6"},
				"west": {"uv": [3.375, 6.375, 4.75, 7.5], "texture": "#6"},
				"up": {"uv": [0.625, 8.875, 0.5, 7.5], "texture": "#6"},
				"down": {"uv": [0.75, 7.5, 0.625, 8.875], "texture": "#6"}
			}
		},
		{
			"from": [-1.47103, 9.53491, 2],
			"to": [-0.97103, 14.53491, 14],
			"rotation": {"angle": -22.5, "axis": "z", "origin": [8.09958, 12.44135, 8]},
			"faces": {
				"north": {"uv": [5.75, 4.5, 5.875, 5.125], "texture": "#6"},
				"east": {"uv": [4, 2.25, 5.5, 2.875], "texture": "#6"},
				"south": {"uv": [5.875, 4.5, 6, 5.125], "texture": "#6"},
				"west": {"uv": [2, 4.375, 3.5, 5], "texture": "#6"},
				"up": {"uv": [0.125, 9, 0, 7.5], "texture": "#6"},
				"down": {"uv": [7.625, 0, 7.5, 1.5], "texture": "#6"}
			}
		},
		{
			"from": [17.14919, 9.48421, 2],
			"to": [17.64919, 14.48421, 14],
			"rotation": {"angle": 22.5, "axis": "z", "origin": [8.09958, 12.44135, 8]},
			"faces": {
				"north": {"uv": [7.5, 1.5, 7.625, 2.125], "texture": "#6"},
				"east": {"uv": [7.25, 3, 8.75, 3.625], "texture": "#6"},
				"south": {"uv": [1.75, 7.5, 1.875, 8.125], "texture": "#6"},
				"west": {"uv": [7.25, 3.625, 8.75, 4.25], "texture": "#6"},
				"up": {"uv": [0.25, 9, 0.125, 7.5], "texture": "#6"},
				"down": {"uv": [0.375, 7.5, 0.25, 9], "texture": "#6"}
			}
		},
		{
			"from": [0, 9.19785, 15.30317],
			"to": [16, 15.19785, 15.80317],
			"rotation": {"angle": -22.5, "axis": "x", "origin": [8.09958, 12.44135, 8]},
			"faces": {
				"north": {"uv": [0, 6.625, 2, 7.375], "texture": "#6"},
				"east": {"uv": [3.5, 4.375, 3.625, 5.125], "texture": "#6"},
				"south": {"uv": [4.75, 6.75, 6.75, 7.5], "texture": "#6"},
				"west": {"uv": [3.625, 4.375, 3.75, 5.125], "texture": "#6"},
				"up": {"uv": [9.375, 4.75, 7.375, 4.625], "texture": "#6"},
				"down": {"uv": [9.375, 4.75, 7.375, 4.875], "texture": "#6"}
			}
		},
		{
			"from": [0, 9.19785, 0.19683],
			"to": [16, 15.19785, 0.69683],
			"rotation": {"angle": 22.5, "axis": "x", "origin": [8.09958, 12.44135, 8]},
			"faces": {
				"north": {"uv": [6.75, 6.75, 8.75, 7.5], "texture": "#6"},
				"east": {"uv": [5.5, 2.25, 5.625, 3], "texture": "#6"},
				"south": {"uv": [7.25, 2.25, 9.25, 3], "texture": "#6"},
				"west": {"uv": [5.625, 2.25, 5.75, 3], "texture": "#6"},
				"up": {"uv": [9.375, 5, 7.375, 4.875], "texture": "#6"},
				"down": {"uv": [9.375, 5, 7.375, 5.125], "texture": "#6"}
			}
		},
		{
			"name": "box",
			"from": [0, 0, -4.25],
			"to": [16, 9, 7.75],
			"rotation": {"angle": 0, "axis": "y", "origin": [8.09958, 3.44135, 8]},
			"faces": {
				"north": {"uv": [0, 4.375, 2, 5.5], "texture": "#6"},
				"east": {"uv": [5.75, 2.25, 7.25, 3.375], "texture": "#6"},
				"south": {"uv": [2, 5.25, 4, 6.375], "texture": "#6"},
				"west": {"uv": [5.75, 3.375, 7.25, 4.5], "texture": "#6"},
				"up": {"uv": [2, 1.5, 0, 0], "texture": "#6"},
				"down": {"uv": [2, 1.5, 0, 3], "texture": "#6"}
			}
		},
		{
			"name": "box",
			"from": [0.75, 0, 8.25],
			"to": [16.75, 9, 20.25],
			"rotation": {"angle": 0, "axis": "y", "origin": [8.09958, 3.44135, 8]},
			"faces": {
				"north": {"uv": [4, 5.25, 6, 6.375], "texture": "#6"},
				"east": {"uv": [6, 0, 7.5, 1.125], "texture": "#6"},
				"south": {"uv": [0, 5.5, 2, 6.625], "texture": "#6"},
				"west": {"uv": [6, 1.125, 7.5, 2.25], "texture": "#6"},
				"up": {"uv": [4, 1.5, 2, 0], "texture": "#6"},
				"down": {"uv": [4, 1.5, 2, 3], "texture": "#6"}
			}
		}
	],
	"display": {
		"thirdperson_righthand": {
			"rotation": [27, 161, 4],
			"translation": [0.25, -1.25, 0.25],
			"scale": [0.7, 0.7, 0.7]
		},
		"head": {
			"translation": [0, 14, 0]
		}
	},
	"groups": [
		{
			"name": "group",
			"origin": [8, 8, 8],
			"color": 0,
			"nbt": "{}",
			"children": [
				{
					"name": "box",
					"origin": [8, 8, 8],
					"color": 0,
					"nbt": "{}",
					"children": [0, 1, 2, 3, 4, 5, 6, 7, 8]
				},
				9,
				10
			]
		}
	]
}