{
	"credit": "Made with Blockbench",
	"texture_size": [32, 32],
	"textures": {
		"2": "minecraft:item/apple/apple"
	},
	"elements": [
		{
			"from": [6.25, 13.25, 6.25],
			"to": [9.75, 14, 9.75],
			"rotation": {"angle": 0, "axis": "y", "origin": [8, 12.375, 8]},
			"faces": {
				"north": {"uv": [2.5, 6, 4.5, 6.5], "texture": "#2"},
				"east": {"uv": [0, 6.5, 2, 7], "texture": "#2"},
				"south": {"uv": [6.5, 0, 8.5, 0.5], "texture": "#2"},
				"west": {"uv": [6.5, 0.5, 8.5, 1], "texture": "#2"},
				"up": {"uv": [4.5, 2, 2.5, 0], "texture": "#2"},
				"down": {"uv": [4.5, 2, 2.5, 4], "texture": "#2"}
			}
		},
		{
			"from": [5.75, 10.5, 5.75],
			"to": [10.25, 13.25, 10.25],
			"rotation": {"angle": 0, "axis": "z", "origin": [8, 12.375, 8]},
			"faces": {
				"north": {"uv": [4.5, 2, 7, 3.5], "texture": "#2"},
				"east": {"uv": [4.5, 3.5, 7, 5], "texture": "#2"},
				"south": {"uv": [0, 5, 2.5, 6.5], "texture": "#2"},
				"west": {"uv": [4.5, 5, 7, 6.5], "texture": "#2"},
				"up": {"uv": [2.5, 2.5, 0, 0], "texture": "#2"},
				"down": {"uv": [2.5, 2.5, 0, 5], "texture": "#2"}
			}
		},
		{
			"from": [6.25, 9.5, 6.25],
			"to": [9.75, 10.5, 9.75],
			"rotation": {"angle": 0, "axis": "z", "origin": [8, 12.375, 8]},
			"faces": {
				"north": {"uv": [6.5, 1, 8.5, 1.5], "texture": "#2"},
				"east": {"uv": [6.5, 1.5, 8.5, 2], "texture": "#2"},
				"south": {"uv": [2, 6.5, 4, 7], "texture": "#2"},
				"west": {"uv": [4, 6.5, 6, 7], "texture": "#2"},
				"up": {"uv": [4.5, 6, 2.5, 4], "texture": "#2"},
				"down": {"uv": [6.5, 0, 4.5, 2], "texture": "#2"}
			}
		},
		{
			"from": [8, 15, 8],
			"to": [8.5, 16, 8.5],
			"rotation": {"angle": 0, "axis": "z", "origin": [8, 13.375, 8]},
			"faces": {
				"north": {"uv": [6, 6.5, 6.5, 7.5], "texture": "#2"},
				"east": {"uv": [6.5, 6.5, 7, 7.5], "texture": "#2"},
				"south": {"uv": [0, 7, 0.5, 8], "texture": "#2"},
				"west": {"uv": [0.5, 7, 1, 8], "texture": "#2"},
				"up": {"uv": [1.5, 7.5, 1, 7], "texture": "#2"},
				"down": {"uv": [2, 7, 1.5, 7.5], "texture": "#2"}
			}
		},
		{
			"from": [7.75, 14, 7.75],
			"to": [8.25, 15, 8.25],
			"rotation": {"angle": 0, "axis": "y", "origin": [8, 13.375, 8]},
			"faces": {
				"north": {"uv": [6, 6.5, 6.5, 7.5], "texture": "#2"},
				"east": {"uv": [6.5, 6.5, 7, 7.5], "texture": "#2"},
				"south": {"uv": [0, 7, 0.5, 8], "texture": "#2"},
				"west": {"uv": [0.5, 7, 1, 8], "texture": "#2"},
				"up": {"uv": [1.5, 7.5, 1, 7], "texture": "#2"},
				"down": {"uv": [2, 7, 1.5, 7.5], "texture": "#2"}
			}
		}
	],
	"display": {
		"thirdperson_righthand": {
			"rotation": [27, 161, 4],
			"translation": [0.25, -1.25, 0.25],
			"scale": [0.7, 0.7, 0.7]
		}
	},
	"groups": [
		{
			"name": "group",
			"origin": [0, 0, 0],
			"color": 0,
			"nbt": "{}",
			"children": [0, 1, 2, 3, 4]
		}
	]
}