{
	"credit": "Made with Blockbench",
	"texture_size": [128, 128],
	"textures": {
		"3": "item/apple/apple_box_3",
		"particle": "item/apple/apple_box_3"
	},
	"elements": [
		{
			"from": [0, 9, 2],
			"to": [16, 18, 2.5],
			"rotation": {"angle": 0, "axis": "y", "origin": [8.09958, 12.44135, 8]},
			"faces": {
				"north": {"uv": [3.75, 3, 5.75, 4.125], "texture": "#3"},
				"east": {"uv": [0.75, 7.5, 0.875, 8.625], "texture": "#3"},
				"south": {"uv": [4, 0, 6, 1.125], "texture": "#3"},
				"west": {"uv": [0.875, 7.5, 1, 8.625], "texture": "#3"},
				"up": {"uv": [9.25, 4.375, 7.25, 4.25], "texture": "#3"},
				"down": {"uv": [9.25, 4.375, 7.25, 4.5], "texture": "#3"}
			}
		},
		{
			"from": [0, 9, 13.5],
			"to": [16, 18, 14],
			"rotation": {"angle": 0, "axis": "y", "origin": [8.09958, 12.44135, 8]},
			"faces": {
				"north": {"uv": [4, 1.125, 6, 2.25], "texture": "#3"},
				"east": {"uv": [1, 7.5, 1.125, 8.625], "texture": "#3"},
				"south": {"uv": [3.75, 4.125, 5.75, 5.25], "texture": "#3"},
				"west": {"uv": [1.125, 7.5, 1.25, 8.625], "texture": "#3"},
				"up": {"uv": [2, 7.5, 0, 7.375], "texture": "#3"},
				"down": {"uv": [9.375, 4.5, 7.375, 4.625], "texture": "#3"}
			}
		},
		{
			"from": [15.5, 9, 2.5],
			"to": [16, 18, 13.5],
			"rotation": {"angle": 0, "axis": "y", "origin": [8.09958, 12.44135, 8]},
			"faces": {
				"north": {"uv": [1.25, 7.5, 1.375, 8.625], "texture": "#3"},
				"east": {"uv": [6, 4.5, 7.375, 5.625], "texture": "#3"},
				"south": {"uv": [1.375, 7.5, 1.5, 8.625], "texture": "#3"},
				"west": {"uv": [6, 5.625, 7.375, 6.75], "texture": "#3"},
				"up": {"uv": [7.5, 6.75, 7.375, 5.375], "texture": "#3"},
				"down": {"uv": [0.5, 7.5, 0.375, 8.875], "texture": "#3"}
			}
		},
		{
			"from": [0.5, 9, 2.5],
			"to": [15.5, 9.5, 13.5],
			"rotation": {"angle": 0, "axis": "y", "origin": [8.09958, 12.44135, 8]},
			"faces": {
				"north": {"uv": [7.375, 5.125, 9.25, 5.25], "texture": "#3"},
				"east": {"uv": [4, 2.875, 5.375, 3], "texture": "#3"},
				"south": {"uv": [7.375, 5.25, 9.25, 5.375], "texture": "#3"},
				"west": {"uv": [2, 5, 3.375, 5.125], "texture": "#3"},
				"up": {"uv": [1.875, 4.375, 0, 3], "texture": "#3"},
				"down": {"uv": [3.75, 3, 1.875, 4.375], "texture": "#3"}
			}
		},
		{
			"from": [0, 9, 2.5],
			"to": [0.5, 18, 13.5],
			"rotation": {"angle": 0, "axis": "y", "origin": [8.09958, 12.44135, 8]},
			"faces": {
				"north": {"uv": [1.5, 7.5, 1.625, 8.625], "texture": "#3"},
				"east": {"uv": [2, 6.375, 3.375, 7.5], "texture": "#3"},
				"south": {"uv": [1.625, 7.5, 1.75, 8.625], "texture": "#3"},
				"west": {"uv": [3.375, 6.375, 4.75, 7.5], "texture": "#3"},
				"up": {"uv": [0.625, 8.875, 0.5, 7.5], "texture": "#3"},
				"down": {"uv": [0.75, 7.5, 0.625, 8.875], "texture": "#3"}
			}
		},
		{
			"from": [-1.47103, 9.53491, 2],
			"to": [-0.97103, 14.53491, 14],
			"rotation": {"angle": -22.5, "axis": "z", "origin": [8.09958, 12.44135, 8]},
			"faces": {
				"north": {"uv": [5.75, 4.5, 5.875, 5.125], "texture": "#3"},
				"east": {"uv": [4, 2.25, 5.5, 2.875], "texture": "#3"},
				"south": {"uv": [5.875, 4.5, 6, 5.125], "texture": "#3"},
				"west": {"uv": [2, 4.375, 3.5, 5], "texture": "#3"},
				"up": {"uv": [0.125, 9, 0, 7.5], "texture": "#3"},
				"down": {"uv": [7.625, 0, 7.5, 1.5], "texture": "#3"}
			}
		},
		{
			"from": [17.14919, 9.48421, 2],
			"to": [17.64919, 14.48421, 14],
			"rotation": {"angle": 22.5, "axis": "z", "origin": [8.09958, 12.44135, 8]},
			"faces": {
				"north": {"uv": [2.125, 8.125, 2.25, 8.75], "texture": "#3"},
				"east": {"uv": [7.25, 3, 8.75, 3.625], "texture": "#3"},
				"south": {"uv": [2.25, 8.125, 2.375, 8.75], "texture": "#3"},
				"west": {"uv": [7.25, 3.625, 8.75, 4.25], "texture": "#3"},
				"up": {"uv": [0.25, 9, 0.125, 7.5], "texture": "#3"},
				"down": {"uv": [0.375, 7.5, 0.25, 9], "texture": "#3"}
			}
		},
		{
			"from": [0, 9.19785, 15.30317],
			"to": [16, 15.19785, 15.80317],
			"rotation": {"angle": -22.5, "axis": "x", "origin": [8.09958, 12.44135, 8]},
			"faces": {
				"north": {"uv": [0, 6.625, 2, 7.375], "texture": "#3"},
				"east": {"uv": [3.5, 4.375, 3.625, 5.125], "texture": "#3"},
				"south": {"uv": [4.75, 6.75, 6.75, 7.5], "texture": "#3"},
				"west": {"uv": [3.625, 4.375, 3.75, 5.125], "texture": "#3"},
				"up": {"uv": [9.375, 4.75, 7.375, 4.625], "texture": "#3"},
				"down": {"uv": [9.375, 4.75, 7.375, 4.875], "texture": "#3"}
			}
		},
		{
			"from": [0, 9.19785, 0.19683],
			"to": [16, 15.19785, 0.69683],
			"rotation": {"angle": 22.5, "axis": "x", "origin": [8.09958, 12.44135, 8]},
			"faces": {
				"north": {"uv": [6.75, 6.75, 8.75, 7.5], "texture": "#3"},
				"east": {"uv": [5.5, 2.25, 5.625, 3], "texture": "#3"},
				"south": {"uv": [7.25, 2.25, 9.25, 3], "texture": "#3"},
				"west": {"uv": [5.625, 2.25, 5.75, 3], "texture": "#3"},
				"up": {"uv": [9.375, 5, 7.375, 4.875], "texture": "#3"},
				"down": {"uv": [9.375, 5, 7.375, 5.125], "texture": "#3"}
			}
		},
		{
			"name": "box",
			"from": [0, 0, -4.25],
			"to": [16, 9, 7.75],
			"rotation": {"angle": 0, "axis": "y", "origin": [8.09958, 3.44135, 8]},
			"faces": {
				"north": {"uv": [0, 4.375, 2, 5.5], "texture": "#3"},
				"east": {"uv": [5.75, 2.25, 7.25, 3.375], "texture": "#3"},
				"south": {"uv": [2, 5.25, 4, 6.375], "texture": "#3"},
				"west": {"uv": [5.75, 3.375, 7.25, 4.5], "texture": "#3"},
				"up": {"uv": [2, 1.5, 0, 0], "texture": "#3"},
				"down": {"uv": [2, 1.5, 0, 3], "texture": "#3"}
			}
		},
		{
			"name": "box",
			"from": [0.75, 0, 8.25],
			"to": [16.75, 9, 20.25],
			"rotation": {"angle": 0, "axis": "y", "origin": [8.09958, 3.44135, 8]},
			"faces": {
				"north": {"uv": [4, 5.25, 6, 6.375], "texture": "#3"},
				"east": {"uv": [6, 0, 7.5, 1.125], "texture": "#3"},
				"south": {"uv": [0, 5.5, 2, 6.625], "texture": "#3"},
				"west": {"uv": [6, 1.125, 7.5, 2.25], "texture": "#3"},
				"up": {"uv": [4, 1.5, 2, 0], "texture": "#3"},
				"down": {"uv": [4, 1.5, 2, 3], "texture": "#3"}
			}
		},
		{
			"from": [2.16322, 12, 7.44992],
			"to": [4.66322, 12.75, 9.94992],
			"rotation": {"angle": 22.5, "axis": "y", "origin": [8.09958, 12.44135, 8]},
			"faces": {
				"north": {"uv": [2, 5.125, 2.375, 5.25], "texture": "#3"},
				"east": {"uv": [2.375, 5.125, 2.75, 5.25], "texture": "#3"},
				"south": {"uv": [2.75, 5.125, 3.125, 5.25], "texture": "#3"},
				"west": {"uv": [3.125, 5.125, 3.5, 5.25], "texture": "#3"},
				"up": {"uv": [5.125, 6.75, 4.75, 6.375], "texture": "#3"},
				"down": {"uv": [5.5, 6.375, 5.125, 6.75], "texture": "#3"}
			}
		},
		{
			"from": [1.91322, 10.25, 7.19992],
			"to": [4.91322, 12, 10.19992],
			"rotation": {"angle": 22.5, "axis": "y", "origin": [8.09958, 12.44135, 8]},
			"faces": {
				"north": {"uv": [7.5, 6.5, 7.875, 6.75], "texture": "#3"},
				"east": {"uv": [2.125, 7.875, 2.5, 8.125], "texture": "#3"},
				"south": {"uv": [2.5, 7.875, 2.875, 8.125], "texture": "#3"},
				"west": {"uv": [2.875, 7.875, 3.25, 8.125], "texture": "#3"},
				"up": {"uv": [5.875, 6.75, 5.5, 6.375], "texture": "#3"},
				"down": {"uv": [7.875, 1.5, 7.5, 1.875], "texture": "#3"}
			}
		},
		{
			"from": [2.16322, 9.75, 7.44992],
			"to": [4.66322, 10.25, 9.94992],
			"rotation": {"angle": 22.5, "axis": "y", "origin": [8.09958, 12.44135, 8]},
			"faces": {
				"north": {"uv": [7.875, 6.625, 8.25, 6.75], "texture": "#3"},
				"east": {"uv": [2.375, 8.125, 2.75, 8.25], "texture": "#3"},
				"south": {"uv": [2.75, 8.125, 3.125, 8.25], "texture": "#3"},
				"west": {"uv": [3.125, 8.125, 3.5, 8.25], "texture": "#3"},
				"up": {"uv": [2.125, 7.875, 1.75, 7.5], "texture": "#3"},
				"down": {"uv": [7.875, 1.875, 7.5, 2.25], "texture": "#3"}
			}
		},
		{
			"from": [3.41322, 13.5, 8.69992],
			"to": [3.91322, 14.25, 9.19992],
			"rotation": {"angle": 22.5, "axis": "y", "origin": [8.09958, 12.44135, 8]},
			"faces": {
				"north": {"uv": [3.375, 5, 3.5, 5.125], "texture": "#3"},
				"east": {"uv": [5.375, 2.875, 5.5, 3], "texture": "#3"},
				"south": {"uv": [5.875, 6.375, 6, 6.5], "texture": "#3"},
				"west": {"uv": [5.875, 6.5, 6, 6.625], "texture": "#3"},
				"up": {"uv": [6, 6.75, 5.875, 6.625], "texture": "#3"},
				"down": {"uv": [8.375, 5.75, 8.25, 5.875], "texture": "#3"}
			}
		},
		{
			"from": [3.16322, 12.75, 8.44992],
			"to": [3.66322, 13.5, 8.94992],
			"rotation": {"angle": 22.5, "axis": "y", "origin": [8.09958, 12.44135, 8]},
			"faces": {
				"north": {"uv": [8.25, 5.875, 8.375, 6], "texture": "#3"},
				"east": {"uv": [6, 8.25, 6.125, 8.375], "texture": "#3"},
				"south": {"uv": [8.25, 6, 8.375, 6.125], "texture": "#3"},
				"west": {"uv": [6.125, 8.25, 6.25, 8.375], "texture": "#3"},
				"up": {"uv": [8.375, 6.25, 8.25, 6.125], "texture": "#3"},
				"down": {"uv": [6.375, 8.25, 6.25, 8.375], "texture": "#3"}
			}
		},
		{
			"from": [11.14104, 12.15777, 6.73106],
			"to": [13.64104, 12.90777, 9.23106],
			"rotation": {"angle": -22.5, "axis": "x", "origin": [12.53302, 12.40607, 8.2348]},
			"faces": {
				"north": {"uv": [3.5, 8.125, 3.875, 8.25], "texture": "#3"},
				"east": {"uv": [3.875, 8.125, 4.25, 8.25], "texture": "#3"},
				"south": {"uv": [4.25, 8.125, 4.625, 8.25], "texture": "#3"},
				"west": {"uv": [4.625, 8.125, 5, 8.25], "texture": "#3"},
				"up": {"uv": [2.5, 7.875, 2.125, 7.5], "texture": "#3"},
				"down": {"uv": [2.875, 7.5, 2.5, 7.875], "texture": "#3"}
			}
		},
		{
			"from": [10.89104, 10.40777, 6.48106],
			"to": [13.89104, 12.15777, 9.48106],
			"rotation": {"angle": -22.5, "axis": "x", "origin": [12.53302, 12.40607, 8.2348]},
			"faces": {
				"north": {"uv": [3.25, 7.875, 3.625, 8.125], "texture": "#3"},
				"east": {"uv": [3.625, 7.875, 4, 8.125], "texture": "#3"},
				"south": {"uv": [4, 7.875, 4.375, 8.125], "texture": "#3"},
				"west": {"uv": [4.375, 7.875, 4.75, 8.125], "texture": "#3"},
				"up": {"uv": [3.25, 7.875, 2.875, 7.5], "texture": "#3"},
				"down": {"uv": [3.625, 7.5, 3.25, 7.875], "texture": "#3"}
			}
		},
		{
			"from": [11.14104, 9.90777, 6.73106],
			"to": [13.64104, 10.40777, 9.23106],
			"rotation": {"angle": -22.5, "axis": "x", "origin": [12.53302, 12.40607, 8.2348]},
			"faces": {
				"north": {"uv": [5, 8.125, 5.375, 8.25], "texture": "#3"},
				"east": {"uv": [5.375, 8.125, 5.75, 8.25], "texture": "#3"},
				"south": {"uv": [5.75, 8.125, 6.125, 8.25], "texture": "#3"},
				"west": {"uv": [6.125, 8.125, 6.5, 8.25], "texture": "#3"},
				"up": {"uv": [4, 7.875, 3.625, 7.5], "texture": "#3"},
				"down": {"uv": [4.375, 7.5, 4, 7.875], "texture": "#3"}
			}
		},
		{
			"from": [12.39104, 13.65777, 7.98106],
			"to": [12.89104, 14.40777, 8.48106],
			"rotation": {"angle": -22.5, "axis": "x", "origin": [12.53302, 12.40607, 8.2348]},
			"faces": {
				"north": {"uv": [8.25, 6.25, 8.375, 6.375], "texture": "#3"},
				"east": {"uv": [6.375, 8.25, 6.5, 8.375], "texture": "#3"},
				"south": {"uv": [8.25, 6.375, 8.375, 6.5], "texture": "#3"},
				"west": {"uv": [6.5, 8.25, 6.625, 8.375], "texture": "#3"},
				"up": {"uv": [8.375, 6.625, 8.25, 6.5], "texture": "#3"},
				"down": {"uv": [6.75, 8.25, 6.625, 8.375], "texture": "#3"}
			}
		},
		{
			"from": [12.14104, 12.90777, 7.73106],
			"to": [12.64104, 13.65777, 8.23106],
			"rotation": {"angle": -22.5, "axis": "x", "origin": [12.53302, 12.40607, 8.2348]},
			"faces": {
				"north": {"uv": [8.25, 6.625, 8.375, 6.75], "texture": "#3"},
				"east": {"uv": [6.75, 8.25, 6.875, 8.375], "texture": "#3"},
				"south": {"uv": [6.875, 8.25, 7, 8.375], "texture": "#3"},
				"west": {"uv": [7, 8.25, 7.125, 8.375], "texture": "#3"},
				"up": {"uv": [7.25, 8.375, 7.125, 8.25], "texture": "#3"},
				"down": {"uv": [7.375, 8.25, 7.25, 8.375], "texture": "#3"}
			}
		},
		{
			"from": [12.5, 14.15827, 9.03246],
			"to": [12.85, 14.55827, 9.68246],
			"rotation": {"angle": -45, "axis": "x", "origin": [12.53302, 12.40607, 8.2348]},
			"faces": {
				"north": {"uv": [7.375, 8.25, 7.5, 8.375], "texture": "#3"},
				"east": {"uv": [7.5, 8.25, 7.625, 8.375], "texture": "#3"},
				"south": {"uv": [7.625, 8.25, 7.75, 8.375], "texture": "#3"},
				"west": {"uv": [7.75, 8.25, 7.875, 8.375], "texture": "#3"},
				"up": {"uv": [8, 8.375, 7.875, 8.25], "texture": "#3"},
				"down": {"uv": [8.125, 8.25, 8, 8.375], "texture": "#3"}
			}
		},
		{
			"from": [10.56801, 12.09881, 1.9544],
			"to": [13.06801, 12.84881, 4.4544],
			"rotation": {"angle": -22.5, "axis": "y", "origin": [8.09958, 12.44135, 8]},
			"faces": {
				"north": {"uv": [6.5, 8.125, 6.875, 8.25], "texture": "#3"},
				"east": {"uv": [6.875, 8.125, 7.25, 8.25], "texture": "#3"},
				"south": {"uv": [7.25, 8.125, 7.625, 8.25], "texture": "#3"},
				"west": {"uv": [8.125, 7.5, 8.5, 7.625], "texture": "#3"},
				"up": {"uv": [4.75, 7.875, 4.375, 7.5], "texture": "#3"},
				"down": {"uv": [5.125, 7.5, 4.75, 7.875], "texture": "#3"}
			}
		},
		{
			"from": [10.31801, 10.34881, 1.7044],
			"to": [13.31801, 12.09881, 4.7044],
			"rotation": {"angle": -22.5, "axis": "y", "origin": [8.09958, 12.44135, 8]},
			"faces": {
				"north": {"uv": [4.75, 7.875, 5.125, 8.125], "texture": "#3"},
				"east": {"uv": [5.125, 7.875, 5.5, 8.125], "texture": "#3"},
				"south": {"uv": [7.875, 5.375, 8.25, 5.625], "texture": "#3"},
				"west": {"uv": [5.5, 7.875, 5.875, 8.125], "texture": "#3"},
				"up": {"uv": [5.5, 7.875, 5.125, 7.5], "texture": "#3"},
				"down": {"uv": [7.875, 5.375, 7.5, 5.75], "texture": "#3"}
			}
		},
		{
			"from": [10.56801, 9.84881, 1.9544],
			"to": [13.06801, 10.34881, 4.4544],
			"rotation": {"angle": -22.5, "axis": "y", "origin": [8.09958, 12.44135, 8]},
			"faces": {
				"north": {"uv": [7.625, 8.125, 8, 8.25], "texture": "#3"},
				"east": {"uv": [8.125, 7.625, 8.5, 7.75], "texture": "#3"},
				"south": {"uv": [8.125, 7.75, 8.5, 7.875], "texture": "#3"},
				"west": {"uv": [8.125, 7.875, 8.5, 8], "texture": "#3"},
				"up": {"uv": [5.875, 7.875, 5.5, 7.5], "texture": "#3"},
				"down": {"uv": [7.875, 5.75, 7.5, 6.125], "texture": "#3"}
			}
		},
		{
			"from": [11.81801, 13.59881, 3.2044],
			"to": [12.31801, 14.34881, 3.7044],
			"rotation": {"angle": -22.5, "axis": "y", "origin": [8.09958, 12.44135, 8]},
			"faces": {
				"north": {"uv": [8.125, 8.25, 8.25, 8.375], "texture": "#3"},
				"east": {"uv": [8.25, 8.25, 8.375, 8.375], "texture": "#3"},
				"south": {"uv": [8.375, 0, 8.5, 0.125], "texture": "#3"},
				"west": {"uv": [8.375, 0.125, 8.5, 0.25], "texture": "#3"},
				"up": {"uv": [8.5, 0.375, 8.375, 0.25], "texture": "#3"},
				"down": {"uv": [8.5, 0.375, 8.375, 0.5], "texture": "#3"}
			}
		},
		{
			"from": [11.56801, 12.84881, 2.9544],
			"to": [12.06801, 13.59881, 3.4544],
			"rotation": {"angle": -22.5, "axis": "y", "origin": [8.09958, 12.44135, 8]},
			"faces": {
				"north": {"uv": [8.375, 0.5, 8.5, 0.625], "texture": "#3"},
				"east": {"uv": [8.375, 0.625, 8.5, 0.75], "texture": "#3"},
				"south": {"uv": [8.375, 0.75, 8.5, 0.875], "texture": "#3"},
				"west": {"uv": [8.375, 0.875, 8.5, 1], "texture": "#3"},
				"up": {"uv": [8.5, 1.125, 8.375, 1], "texture": "#3"},
				"down": {"uv": [8.5, 1.125, 8.375, 1.25], "texture": "#3"}
			}
		},
		{
			"from": [8.59078, 12.09881, 6.76492],
			"to": [11.09078, 12.84881, 9.26492],
			"rotation": {"angle": 45, "axis": "y", "origin": [8.09958, 12.44135, 8]},
			"faces": {
				"north": {"uv": [8, 8.125, 8.375, 8.25], "texture": "#3"},
				"east": {"uv": [8.125, 8, 8.5, 8.125], "texture": "#3"},
				"south": {"uv": [8.25, 1.5, 8.625, 1.625], "texture": "#3"},
				"west": {"uv": [8.25, 1.625, 8.625, 1.75], "texture": "#3"},
				"up": {"uv": [6.25, 7.875, 5.875, 7.5], "texture": "#3"},
				"down": {"uv": [7.875, 6.125, 7.5, 6.5], "texture": "#3"}
			}
		},
		{
			"from": [8.34078, 10.34881, 6.51492],
			"to": [11.34078, 12.09881, 9.51492],
			"rotation": {"angle": 45, "axis": "y", "origin": [8.09958, 12.44135, 8]},
			"faces": {
				"north": {"uv": [7.875, 5.625, 8.25, 5.875], "texture": "#3"},
				"east": {"uv": [5.875, 7.875, 6.25, 8.125], "texture": "#3"},
				"south": {"uv": [7.875, 5.875, 8.25, 6.125], "texture": "#3"},
				"west": {"uv": [7.875, 6.125, 8.25, 6.375], "texture": "#3"},
				"up": {"uv": [6.625, 7.875, 6.25, 7.5], "texture": "#3"},
				"down": {"uv": [7, 7.5, 6.625, 7.875], "texture": "#3"}
			}
		},
		{
			"from": [8.59078, 9.84881, 6.76492],
			"to": [11.09078, 10.34881, 9.26492],
			"rotation": {"angle": 45, "axis": "y", "origin": [8.09958, 12.44135, 8]},
			"faces": {
				"north": {"uv": [1.75, 8.25, 2.125, 8.375], "texture": "#3"},
				"east": {"uv": [8.25, 1.75, 8.625, 1.875], "texture": "#3"},
				"south": {"uv": [8.25, 1.875, 8.625, 2], "texture": "#3"},
				"west": {"uv": [8.25, 2, 8.625, 2.125], "texture": "#3"},
				"up": {"uv": [7.375, 7.875, 7, 7.5], "texture": "#3"},
				"down": {"uv": [7.75, 7.5, 7.375, 7.875], "texture": "#3"}
			}
		},
		{
			"from": [9.84078, 13.59881, 8.01492],
			"to": [10.34078, 14.34881, 8.51492],
			"rotation": {"angle": 45, "axis": "y", "origin": [8.09958, 12.44135, 8]},
			"faces": {
				"north": {"uv": [8.375, 1.25, 8.5, 1.375], "texture": "#3"},
				"east": {"uv": [8.375, 1.375, 8.5, 1.5], "texture": "#3"},
				"south": {"uv": [1.75, 8.375, 1.875, 8.5], "texture": "#3"},
				"west": {"uv": [1.875, 8.375, 2, 8.5], "texture": "#3"},
				"up": {"uv": [2.125, 8.5, 2, 8.375], "texture": "#3"},
				"down": {"uv": [2.5, 8.375, 2.375, 8.5], "texture": "#3"}
			}
		},
		{
			"from": [9.59078, 12.84881, 7.76492],
			"to": [10.09078, 13.59881, 8.26492],
			"rotation": {"angle": 45, "axis": "y", "origin": [8.09958, 12.44135, 8]},
			"faces": {
				"north": {"uv": [2.5, 8.375, 2.625, 8.5], "texture": "#3"},
				"east": {"uv": [2.625, 8.375, 2.75, 8.5], "texture": "#3"},
				"south": {"uv": [2.75, 8.375, 2.875, 8.5], "texture": "#3"},
				"west": {"uv": [2.875, 8.375, 3, 8.5], "texture": "#3"},
				"up": {"uv": [3.125, 8.5, 3, 8.375], "texture": "#3"},
				"down": {"uv": [3.25, 8.375, 3.125, 8.5], "texture": "#3"}
			}
		},
		{
			"from": [5.96719, 12.09881, 1.93461],
			"to": [8.46719, 12.84881, 4.43461],
			"rotation": {"angle": 45, "axis": "y", "origin": [8.09958, 12.44135, 8]},
			"faces": {
				"north": {"uv": [8.25, 2.125, 8.625, 2.25], "texture": "#3"},
				"east": {"uv": [3.5, 5.125, 3.75, 5.25], "texture": "#3"},
				"south": {"uv": [2.375, 8.25, 2.75, 8.375], "texture": "#3"},
				"west": {"uv": [5.75, 5.125, 6, 5.25], "texture": "#3"},
				"up": {"uv": [6.625, 8.125, 6.25, 7.875], "texture": "#3"},
				"down": {"uv": [8.25, 6.375, 7.875, 6.625], "texture": "#3"}
			}
		},
		{
			"from": [5.71719, 10.34881, 1.68461],
			"to": [8.71719, 12.09881, 4.68461],
			"rotation": {"angle": 45, "axis": "y", "origin": [8.09958, 12.44135, 8]},
			"faces": {
				"north": {"uv": [6.625, 7.875, 7, 8.125], "texture": "#3"},
				"east": {"uv": [7, 7.875, 7.375, 8.125], "texture": "#3"},
				"south": {"uv": [7.375, 7.875, 7.75, 8.125], "texture": "#3"},
				"west": {"uv": [7.75, 7.875, 8.125, 8.125], "texture": "#3"},
				"up": {"uv": [8, 0.375, 7.625, 0], "texture": "#3"},
				"down": {"uv": [8, 0.375, 7.625, 0.75], "texture": "#3"}
			}
		},
		{
			"from": [5.96719, 9.84881, 1.93461],
			"to": [8.46719, 10.34881, 4.43461],
			"rotation": {"angle": 45, "axis": "y", "origin": [8.09958, 12.44135, 8]},
			"faces": {
				"north": {"uv": [2.75, 8.25, 3.125, 8.375], "texture": "#3"},
				"east": {"uv": [8.25, 5.625, 8.5, 5.75], "texture": "#3"},
				"south": {"uv": [3.125, 8.25, 3.5, 8.375], "texture": "#3"},
				"west": {"uv": [5.75, 8.25, 6, 8.375], "texture": "#3"},
				"up": {"uv": [8.375, 0.25, 8, 0], "texture": "#3"},
				"down": {"uv": [8.375, 0.25, 8, 0.5], "texture": "#3"}
			}
		},
		{
			"from": [7.21719, 13.59881, 2.68461],
			"to": [7.71719, 14.34881, 3.18461],
			"rotation": {"angle": 45, "axis": "y", "origin": [8.09958, 12.44135, 8]},
			"faces": {
				"north": {"uv": [3.25, 8.375, 3.375, 8.5], "texture": "#3"},
				"east": {"uv": [3.375, 8.375, 3.5, 8.5], "texture": "#3"},
				"south": {"uv": [3.5, 8.375, 3.625, 8.5], "texture": "#3"},
				"west": {"uv": [3.625, 8.375, 3.75, 8.5], "texture": "#3"},
				"up": {"uv": [3.875, 8.5, 3.75, 8.375], "texture": "#3"},
				"down": {"uv": [4, 8.375, 3.875, 8.5], "texture": "#3"}
			}
		},
		{
			"from": [6.96719, 12.84881, 2.93461],
			"to": [7.46719, 13.59881, 3.43461],
			"rotation": {"angle": 45, "axis": "y", "origin": [8.09958, 12.44135, 8]},
			"faces": {
				"north": {"uv": [4, 8.375, 4.125, 8.5], "texture": "#3"},
				"east": {"uv": [4.125, 8.375, 4.25, 8.5], "texture": "#3"},
				"south": {"uv": [4.25, 8.375, 4.375, 8.5], "texture": "#3"},
				"west": {"uv": [4.375, 8.375, 4.5, 8.5], "texture": "#3"},
				"up": {"uv": [4.625, 8.5, 4.5, 8.375], "texture": "#3"},
				"down": {"uv": [4.75, 8.375, 4.625, 8.5], "texture": "#3"}
			}
		},
		{
			"from": [6.51145, 12.09881, 9.7456],
			"to": [9.01145, 12.84881, 12.2456],
			"rotation": {"angle": -22.5, "axis": "y", "origin": [10.63645, 12.03631, 9.8706]},
			"faces": {
				"north": {"uv": [3.5, 8.25, 3.875, 8.375], "texture": "#3"},
				"east": {"uv": [3.875, 8.25, 4.25, 8.375], "texture": "#3"},
				"south": {"uv": [4.25, 8.25, 4.625, 8.375], "texture": "#3"},
				"west": {"uv": [4.625, 8.25, 5, 8.375], "texture": "#3"},
				"up": {"uv": [8, 1.125, 7.625, 0.75], "texture": "#3"},
				"down": {"uv": [8, 1.125, 7.625, 1.5], "texture": "#3"}
			}
		},
		{
			"from": [6.26145, 10.34881, 9.4956],
			"to": [9.26145, 12.09881, 12.4956],
			"rotation": {"angle": -22.5, "axis": "y", "origin": [10.63645, 12.03631, 9.8706]},
			"faces": {
				"north": {"uv": [8, 0.5, 8.375, 0.75], "texture": "#3"},
				"east": {"uv": [8, 0.75, 8.375, 1], "texture": "#3"},
				"south": {"uv": [8, 1, 8.375, 1.25], "texture": "#3"},
				"west": {"uv": [8, 1.25, 8.375, 1.5], "texture": "#3"},
				"up": {"uv": [8.125, 7.875, 7.75, 7.5], "texture": "#3"},
				"down": {"uv": [8.25, 1.5, 7.875, 1.875], "texture": "#3"}
			}
		},
		{
			"from": [6.51145, 9.84881, 9.7456],
			"to": [9.01145, 10.34881, 12.2456],
			"rotation": {"angle": -22.5, "axis": "y", "origin": [10.63645, 12.03631, 9.8706]},
			"faces": {
				"north": {"uv": [5, 8.25, 5.375, 8.375], "texture": "#3"},
				"east": {"uv": [5.375, 8.25, 5.75, 8.375], "texture": "#3"},
				"south": {"uv": [8.25, 5.375, 8.625, 5.5], "texture": "#3"},
				"west": {"uv": [8.25, 5.5, 8.625, 5.625], "texture": "#3"},
				"up": {"uv": [2.125, 8.25, 1.75, 7.875], "texture": "#3"},
				"down": {"uv": [8.25, 1.875, 7.875, 2.25], "texture": "#3"}
			}
		},
		{
			"from": [7.26145, 13.59881, 10.4956],
			"to": [7.76145, 14.34881, 10.9956],
			"rotation": {"angle": -22.5, "axis": "y", "origin": [10.63645, 12.03631, 9.8706]},
			"faces": {
				"north": {"uv": [4.75, 8.375, 4.875, 8.5], "texture": "#3"},
				"east": {"uv": [4.875, 8.375, 5, 8.5], "texture": "#3"},
				"south": {"uv": [5, 8.375, 5.125, 8.5], "texture": "#3"},
				"west": {"uv": [5.125, 8.375, 5.25, 8.5], "texture": "#3"},
				"up": {"uv": [5.375, 8.5, 5.25, 8.375], "texture": "#3"},
				"down": {"uv": [5.5, 8.375, 5.375, 8.5], "texture": "#3"}
			}
		},
		{
			"from": [7.51145, 12.84881, 10.7456],
			"to": [8.01145, 13.59881, 11.2456],
			"rotation": {"angle": -22.5, "axis": "y", "origin": [10.63645, 12.03631, 9.8706]},
			"faces": {
				"north": {"uv": [5.5, 8.375, 5.625, 8.5], "texture": "#3"},
				"east": {"uv": [5.625, 8.375, 5.75, 8.5], "texture": "#3"},
				"south": {"uv": [5.75, 8.375, 5.875, 8.5], "texture": "#3"},
				"west": {"uv": [8.375, 5.75, 8.5, 5.875], "texture": "#3"},
				"up": {"uv": [6, 8.5, 5.875, 8.375], "texture": "#3"},
				"down": {"uv": [8.5, 5.875, 8.375, 6], "texture": "#3"}
			}
		}
	],
	"display": {
		"thirdperson_righthand": {
			"rotation": [27, 161, 4],
			"translation": [0.25, -1.25, 0.25],
			"scale": [0.7, 0.7, 0.7]
		},
		"head": {
			"translation": [0, 14, 0]
		}
	},
	"groups": [
		{
			"name": "group",
			"origin": [8, 8, 8],
			"color": 0,
			"nbt": "{}",
			"children": [
				{
					"name": "box",
					"origin": [8, 8, 8],
					"color": 0,
					"nbt": "{}",
					"children": [0, 1, 2, 3, 4, 5, 6, 7, 8]
				},
				9,
				10,
				{
					"name": "group",
					"origin": [0, 0, 0],
					"color": 0,
					"nbt": "{}",
					"children": [11, 12, 13, 14, 15]
				},
				{
					"name": "group",
					"origin": [0, 0, 0],
					"color": 0,
					"nbt": "{}",
					"children": [16, 17, 18, 19, 20, 21]
				},
				{
					"name": "group",
					"origin": [0, 0, 0],
					"color": 0,
					"nbt": "{}",
					"children": [22, 23, 24, 25, 26]
				},
				{
					"name": "group",
					"origin": [0, 0, 0],
					"color": 0,
					"nbt": "{}",
					"children": [27, 28, 29, 30, 31]
				},
				{
					"name": "group",
					"origin": [0, 0, 0],
					"color": 0,
					"nbt": "{}",
					"children": [32, 33, 34, 35, 36]
				},
				{
					"name": "group",
					"origin": [0, 0, 0],
					"color": 0,
					"nbt": "{}",
					"children": [37, 38, 39, 40, 41]
				}
			]
		}
	]
}