{
	"credit": "Made with Blockbench",
	"texture_size": [128, 128],
	"textures": {
		"4": "item/apple/apple_box_4",
		"particle": "item/apple/apple_box_3"
	},
	"elements": [
		{
			"from": [0, 9, 2],
			"to": [16, 18, 2.5],
			"rotation": {"angle": 0, "axis": "y", "origin": [8.09958, 12.44135, 8]},
			"faces": {
				"north": {"uv": [3.75, 3, 5.75, 4.125], "texture": "#4"},
				"east": {"uv": [0.75, 7.5, 0.875, 8.625], "texture": "#4"},
				"south": {"uv": [4, 0, 6, 1.125], "texture": "#4"},
				"west": {"uv": [0.875, 7.5, 1, 8.625], "texture": "#4"},
				"up": {"uv": [9.25, 4.375, 7.25, 4.25], "texture": "#4"},
				"down": {"uv": [9.25, 4.375, 7.25, 4.5], "texture": "#4"}
			}
		},
		{
			"from": [0, 9, 13.5],
			"to": [16, 18, 14],
			"rotation": {"angle": 0, "axis": "y", "origin": [8.09958, 12.44135, 8]},
			"faces": {
				"north": {"uv": [4, 1.125, 6, 2.25], "texture": "#4"},
				"east": {"uv": [1, 7.5, 1.125, 8.625], "texture": "#4"},
				"south": {"uv": [3.75, 4.125, 5.75, 5.25], "texture": "#4"},
				"west": {"uv": [1.125, 7.5, 1.25, 8.625], "texture": "#4"},
				"up": {"uv": [2, 7.5, 0, 7.375], "texture": "#4"},
				"down": {"uv": [9.375, 4.5, 7.375, 4.625], "texture": "#4"}
			}
		},
		{
			"from": [15.5, 9, 2.5],
			"to": [16, 18, 13.5],
			"rotation": {"angle": 0, "axis": "y", "origin": [8.09958, 12.44135, 8]},
			"faces": {
				"north": {"uv": [1.25, 7.5, 1.375, 8.625], "texture": "#4"},
				"east": {"uv": [6, 4.5, 7.375, 5.625], "texture": "#4"},
				"south": {"uv": [1.375, 7.5, 1.5, 8.625], "texture": "#4"},
				"west": {"uv": [6, 5.625, 7.375, 6.75], "texture": "#4"},
				"up": {"uv": [7.5, 6.75, 7.375, 5.375], "texture": "#4"},
				"down": {"uv": [0.5, 7.5, 0.375, 8.875], "texture": "#4"}
			}
		},
		{
			"from": [0.5, 9, 2.5],
			"to": [15.5, 9.5, 13.5],
			"rotation": {"angle": 0, "axis": "y", "origin": [8.09958, 12.44135, 8]},
			"faces": {
				"north": {"uv": [7.375, 5.125, 9.25, 5.25], "texture": "#4"},
				"east": {"uv": [4, 2.875, 5.375, 3], "texture": "#4"},
				"south": {"uv": [7.375, 5.25, 9.25, 5.375], "texture": "#4"},
				"west": {"uv": [2, 5, 3.375, 5.125], "texture": "#4"},
				"up": {"uv": [1.875, 4.375, 0, 3], "texture": "#4"},
				"down": {"uv": [3.75, 3, 1.875, 4.375], "texture": "#4"}
			}
		},
		{
			"from": [0, 9, 2.5],
			"to": [0.5, 18, 13.5],
			"rotation": {"angle": 0, "axis": "y", "origin": [8.09958, 12.44135, 8]},
			"faces": {
				"north": {"uv": [1.5, 7.5, 1.625, 8.625], "texture": "#4"},
				"east": {"uv": [2, 6.375, 3.375, 7.5], "texture": "#4"},
				"south": {"uv": [1.625, 7.5, 1.75, 8.625], "texture": "#4"},
				"west": {"uv": [3.375, 6.375, 4.75, 7.5], "texture": "#4"},
				"up": {"uv": [0.625, 8.875, 0.5, 7.5], "texture": "#4"},
				"down": {"uv": [0.75, 7.5, 0.625, 8.875], "texture": "#4"}
			}
		},
		{
			"from": [-1.47103, 9.53491, 2],
			"to": [-0.97103, 14.53491, 14],
			"rotation": {"angle": -22.5, "axis": "z", "origin": [8.09958, 12.44135, 8]},
			"faces": {
				"north": {"uv": [5.75, 4.5, 5.875, 5.125], "texture": "#4"},
				"east": {"uv": [4, 2.25, 5.5, 2.875], "texture": "#4"},
				"south": {"uv": [5.875, 4.5, 6, 5.125], "texture": "#4"},
				"west": {"uv": [2, 4.375, 3.5, 5], "texture": "#4"},
				"up": {"uv": [0.125, 9, 0, 7.5], "texture": "#4"},
				"down": {"uv": [7.625, 0, 7.5, 1.5], "texture": "#4"}
			}
		},
		{
			"from": [17.14919, 9.48421, 2],
			"to": [17.64919, 14.48421, 14],
			"rotation": {"angle": 22.5, "axis": "z", "origin": [8.09958, 12.44135, 8]},
			"faces": {
				"north": {"uv": [4.75, 8.5, 4.875, 9.125], "texture": "#4"},
				"east": {"uv": [7.25, 3, 8.75, 3.625], "texture": "#4"},
				"south": {"uv": [4.875, 8.5, 5, 9.125], "texture": "#4"},
				"west": {"uv": [7.25, 3.625, 8.75, 4.25], "texture": "#4"},
				"up": {"uv": [0.25, 9, 0.125, 7.5], "texture": "#4"},
				"down": {"uv": [0.375, 7.5, 0.25, 9], "texture": "#4"}
			}
		},
		{
			"from": [0, 9.19785, 15.30317],
			"to": [16, 15.19785, 15.80317],
			"rotation": {"angle": -22.5, "axis": "x", "origin": [8.09958, 12.44135, 8]},
			"faces": {
				"north": {"uv": [0, 6.625, 2, 7.375], "texture": "#4"},
				"east": {"uv": [3.5, 4.375, 3.625, 5.125], "texture": "#4"},
				"south": {"uv": [4.75, 6.75, 6.75, 7.5], "texture": "#4"},
				"west": {"uv": [3.625, 4.375, 3.75, 5.125], "texture": "#4"},
				"up": {"uv": [9.375, 4.75, 7.375, 4.625], "texture": "#4"},
				"down": {"uv": [9.375, 4.75, 7.375, 4.875], "texture": "#4"}
			}
		},
		{
			"from": [0, 9.19785, 0.19683],
			"to": [16, 15.19785, 0.69683],
			"rotation": {"angle": 22.5, "axis": "x", "origin": [8.09958, 12.44135, 8]},
			"faces": {
				"north": {"uv": [6.75, 6.75, 8.75, 7.5], "texture": "#4"},
				"east": {"uv": [5.5, 2.25, 5.625, 3], "texture": "#4"},
				"south": {"uv": [7.25, 2.25, 9.25, 3], "texture": "#4"},
				"west": {"uv": [5.625, 2.25, 5.75, 3], "texture": "#4"},
				"up": {"uv": [9.375, 5, 7.375, 4.875], "texture": "#4"},
				"down": {"uv": [9.375, 5, 7.375, 5.125], "texture": "#4"}
			}
		},
		{
			"name": "box",
			"from": [0, 0, -4.25],
			"to": [16, 9, 7.75],
			"rotation": {"angle": 0, "axis": "y", "origin": [8.09958, 3.44135, 8]},
			"faces": {
				"north": {"uv": [0, 4.375, 2, 5.5], "texture": "#4"},
				"east": {"uv": [5.75, 2.25, 7.25, 3.375], "texture": "#4"},
				"south": {"uv": [2, 5.25, 4, 6.375], "texture": "#4"},
				"west": {"uv": [5.75, 3.375, 7.25, 4.5], "texture": "#4"},
				"up": {"uv": [2, 1.5, 0, 0], "texture": "#4"},
				"down": {"uv": [2, 1.5, 0, 3], "texture": "#4"}
			}
		},
		{
			"name": "box",
			"from": [0.75, 0, 8.25],
			"to": [16.75, 9, 20.25],
			"rotation": {"angle": 0, "axis": "y", "origin": [8.09958, 3.44135, 8]},
			"faces": {
				"north": {"uv": [4, 5.25, 6, 6.375], "texture": "#4"},
				"east": {"uv": [6, 0, 7.5, 1.125], "texture": "#4"},
				"south": {"uv": [0, 5.5, 2, 6.625], "texture": "#4"},
				"west": {"uv": [6, 1.125, 7.5, 2.25], "texture": "#4"},
				"up": {"uv": [4, 1.5, 2, 0], "texture": "#4"},
				"down": {"uv": [4, 1.5, 2, 3], "texture": "#4"}
			}
		},
		{
			"from": [2.16322, 12, 7.44992],
			"to": [4.66322, 12.75, 9.94992],
			"rotation": {"angle": 22.5, "axis": "y", "origin": [8.09958, 12.44135, 8]},
			"faces": {
				"north": {"uv": [2, 5.125, 2.375, 5.25], "texture": "#4"},
				"east": {"uv": [2.375, 5.125, 2.75, 5.25], "texture": "#4"},
				"south": {"uv": [2.75, 5.125, 3.125, 5.25], "texture": "#4"},
				"west": {"uv": [3.125, 5.125, 3.5, 5.25], "texture": "#4"},
				"up": {"uv": [5.125, 6.75, 4.75, 6.375], "texture": "#4"},
				"down": {"uv": [5.5, 6.375, 5.125, 6.75], "texture": "#4"}
			}
		},
		{
			"from": [1.91322, 10.25, 7.19992],
			"to": [4.91322, 12, 10.19992],
			"rotation": {"angle": 22.5, "axis": "y", "origin": [8.09958, 12.44135, 8]},
			"faces": {
				"north": {"uv": [7.5, 6.5, 7.875, 6.75], "texture": "#4"},
				"east": {"uv": [7.875, 6.5, 8.25, 6.75], "texture": "#4"},
				"south": {"uv": [8.125, 7.875, 8.5, 8.125], "texture": "#4"},
				"west": {"uv": [8.125, 8.125, 8.5, 8.375], "texture": "#4"},
				"up": {"uv": [5.875, 6.75, 5.5, 6.375], "texture": "#4"},
				"down": {"uv": [7.875, 1.5, 7.5, 1.875], "texture": "#4"}
			}
		},
		{
			"from": [2.16322, 9.75, 7.44992],
			"to": [4.66322, 10.25, 9.94992],
			"rotation": {"angle": 22.5, "axis": "y", "origin": [8.09958, 12.44135, 8]},
			"faces": {
				"north": {"uv": [8.25, 6.625, 8.625, 6.75], "texture": "#4"},
				"east": {"uv": [5, 8.5, 5.375, 8.625], "texture": "#4"},
				"south": {"uv": [5.375, 8.5, 5.75, 8.625], "texture": "#4"},
				"west": {"uv": [5.75, 8.5, 6.125, 8.625], "texture": "#4"},
				"up": {"uv": [2.125, 7.875, 1.75, 7.5], "texture": "#4"},
				"down": {"uv": [7.875, 1.875, 7.5, 2.25], "texture": "#4"}
			}
		},
		{
			"from": [3.41322, 13.5, 8.69992],
			"to": [3.91322, 14.25, 9.19992],
			"rotation": {"angle": 22.5, "axis": "y", "origin": [8.09958, 12.44135, 8]},
			"faces": {
				"north": {"uv": [3.375, 5, 3.5, 5.125], "texture": "#4"},
				"east": {"uv": [5.375, 2.875, 5.5, 3], "texture": "#4"},
				"south": {"uv": [5.875, 6.375, 6, 6.5], "texture": "#4"},
				"west": {"uv": [5.875, 6.5, 6, 6.625], "texture": "#4"},
				"up": {"uv": [6, 6.75, 5.875, 6.625], "texture": "#4"},
				"down": {"uv": [8.125, 8.5, 8, 8.625], "texture": "#4"}
			}
		},
		{
			"from": [3.16322, 12.75, 8.44992],
			"to": [3.66322, 13.5, 8.94992],
			"rotation": {"angle": 22.5, "axis": "y", "origin": [8.09958, 12.44135, 8]},
			"faces": {
				"north": {"uv": [3.75, 8.75, 3.875, 8.875], "texture": "#4"},
				"east": {"uv": [8.75, 3.75, 8.875, 3.875], "texture": "#4"},
				"south": {"uv": [3.875, 8.75, 4, 8.875], "texture": "#4"},
				"west": {"uv": [8.75, 3.875, 8.875, 4], "texture": "#4"},
				"up": {"uv": [4.125, 8.875, 4, 8.75], "texture": "#4"},
				"down": {"uv": [8.875, 4, 8.75, 4.125], "texture": "#4"}
			}
		},
		{
			"from": [11.14104, 12.15777, 6.73106],
			"to": [13.64104, 12.90777, 9.23106],
			"rotation": {"angle": -22.5, "axis": "x", "origin": [12.53302, 12.40607, 8.2348]},
			"faces": {
				"north": {"uv": [6.125, 8.5, 6.5, 8.625], "texture": "#4"},
				"east": {"uv": [6.5, 8.5, 6.875, 8.625], "texture": "#4"},
				"south": {"uv": [6.875, 8.5, 7.25, 8.625], "texture": "#4"},
				"west": {"uv": [7.25, 8.5, 7.625, 8.625], "texture": "#4"},
				"up": {"uv": [2.5, 7.875, 2.125, 7.5], "texture": "#4"},
				"down": {"uv": [2.875, 7.5, 2.5, 7.875], "texture": "#4"}
			}
		},
		{
			"from": [10.89104, 10.40777, 6.48106],
			"to": [13.89104, 12.15777, 9.48106],
			"rotation": {"angle": -22.5, "axis": "x", "origin": [12.53302, 12.40607, 8.2348]},
			"faces": {
				"north": {"uv": [8.25, 1.5, 8.625, 1.75], "texture": "#4"},
				"east": {"uv": [1.75, 8.25, 2.125, 8.5], "texture": "#4"},
				"south": {"uv": [8.25, 1.75, 8.625, 2], "texture": "#4"},
				"west": {"uv": [8.25, 2, 8.625, 2.25], "texture": "#4"},
				"up": {"uv": [3.25, 7.875, 2.875, 7.5], "texture": "#4"},
				"down": {"uv": [3.625, 7.5, 3.25, 7.875], "texture": "#4"}
			}
		},
		{
			"from": [11.14104, 9.90777, 6.73106],
			"to": [13.64104, 10.40777, 9.23106],
			"rotation": {"angle": -22.5, "axis": "x", "origin": [12.53302, 12.40607, 8.2348]},
			"faces": {
				"north": {"uv": [8.5, 7.5, 8.875, 7.625], "texture": "#4"},
				"east": {"uv": [7.625, 8.5, 8, 8.625], "texture": "#4"},
				"south": {"uv": [8.5, 7.625, 8.875, 7.75], "texture": "#4"},
				"west": {"uv": [8.5, 7.75, 8.875, 7.875], "texture": "#4"},
				"up": {"uv": [4, 7.875, 3.625, 7.5], "texture": "#4"},
				"down": {"uv": [4.375, 7.5, 4, 7.875], "texture": "#4"}
			}
		},
		{
			"from": [12.39104, 13.65777, 7.98106],
			"to": [12.89104, 14.40777, 8.48106],
			"rotation": {"angle": -22.5, "axis": "x", "origin": [12.53302, 12.40607, 8.2348]},
			"faces": {
				"north": {"uv": [4.125, 8.75, 4.25, 8.875], "texture": "#4"},
				"east": {"uv": [8.75, 4.125, 8.875, 4.25], "texture": "#4"},
				"south": {"uv": [4.25, 8.75, 4.375, 8.875], "texture": "#4"},
				"west": {"uv": [4.375, 8.75, 4.5, 8.875], "texture": "#4"},
				"up": {"uv": [4.625, 8.875, 4.5, 8.75], "texture": "#4"},
				"down": {"uv": [4.75, 8.75, 4.625, 8.875], "texture": "#4"}
			}
		},
		{
			"from": [12.14104, 12.90777, 7.73106],
			"to": [12.64104, 13.65777, 8.23106],
			"rotation": {"angle": -22.5, "axis": "x", "origin": [12.53302, 12.40607, 8.2348]},
			"faces": {
				"north": {"uv": [5, 8.75, 5.125, 8.875], "texture": "#4"},
				"east": {"uv": [5.125, 8.75, 5.25, 8.875], "texture": "#4"},
				"south": {"uv": [5.25, 8.75, 5.375, 8.875], "texture": "#4"},
				"west": {"uv": [5.375, 8.75, 5.5, 8.875], "texture": "#4"},
				"up": {"uv": [5.625, 8.875, 5.5, 8.75], "texture": "#4"},
				"down": {"uv": [5.75, 8.75, 5.625, 8.875], "texture": "#4"}
			}
		},
		{
			"from": [12.5, 14.15827, 9.03246],
			"to": [12.85, 14.55827, 9.68246],
			"rotation": {"angle": -45, "axis": "x", "origin": [12.53302, 12.40607, 8.2348]},
			"faces": {
				"north": {"uv": [5.75, 8.75, 5.875, 8.875], "texture": "#4"},
				"east": {"uv": [5.875, 8.75, 6, 8.875], "texture": "#4"},
				"south": {"uv": [6, 8.75, 6.125, 8.875], "texture": "#4"},
				"west": {"uv": [6.125, 8.75, 6.25, 8.875], "texture": "#4"},
				"up": {"uv": [6.375, 8.875, 6.25, 8.75], "texture": "#4"},
				"down": {"uv": [6.5, 8.75, 6.375, 8.875], "texture": "#4"}
			}
		},
		{
			"from": [10.56801, 12.09881, 1.9544],
			"to": [13.06801, 12.84881, 4.4544],
			"rotation": {"angle": -22.5, "axis": "y", "origin": [8.09958, 12.44135, 8]},
			"faces": {
				"north": {"uv": [8.5, 7.875, 8.875, 8], "texture": "#4"},
				"east": {"uv": [8.5, 8, 8.875, 8.125], "texture": "#4"},
				"south": {"uv": [8.5, 8.125, 8.875, 8.25], "texture": "#4"},
				"west": {"uv": [8.5, 8.25, 8.875, 8.375], "texture": "#4"},
				"up": {"uv": [4.75, 7.875, 4.375, 7.5], "texture": "#4"},
				"down": {"uv": [5.125, 7.5, 4.75, 7.875], "texture": "#4"}
			}
		},
		{
			"from": [10.31801, 10.34881, 1.7044],
			"to": [13.31801, 12.09881, 4.7044],
			"rotation": {"angle": -22.5, "axis": "y", "origin": [8.09958, 12.44135, 8]},
			"faces": {
				"north": {"uv": [2.125, 8.25, 2.5, 8.5], "texture": "#4"},
				"east": {"uv": [2.5, 8.25, 2.875, 8.5], "texture": "#4"},
				"south": {"uv": [2.875, 8.25, 3.25, 8.5], "texture": "#4"},
				"west": {"uv": [3.25, 8.25, 3.625, 8.5], "texture": "#4"},
				"up": {"uv": [5.5, 7.875, 5.125, 7.5], "texture": "#4"},
				"down": {"uv": [7.875, 5.375, 7.5, 5.75], "texture": "#4"}
			}
		},
		{
			"from": [10.56801, 9.84881, 1.9544],
			"to": [13.06801, 10.34881, 4.4544],
			"rotation": {"angle": -22.5, "axis": "y", "origin": [8.09958, 12.44135, 8]},
			"faces": {
				"north": {"uv": [8.5, 8.375, 8.875, 8.5], "texture": "#4"},
				"east": {"uv": [8.5, 8.5, 8.875, 8.625], "texture": "#4"},
				"south": {"uv": [0.75, 8.625, 1.125, 8.75], "texture": "#4"},
				"west": {"uv": [1.125, 8.625, 1.5, 8.75], "texture": "#4"},
				"up": {"uv": [5.875, 7.875, 5.5, 7.5], "texture": "#4"},
				"down": {"uv": [7.875, 5.75, 7.5, 6.125], "texture": "#4"}
			}
		},
		{
			"from": [11.81801, 13.59881, 3.2044],
			"to": [12.31801, 14.34881, 3.7044],
			"rotation": {"angle": -22.5, "axis": "y", "origin": [8.09958, 12.44135, 8]},
			"faces": {
				"north": {"uv": [6.5, 8.75, 6.625, 8.875], "texture": "#4"},
				"east": {"uv": [6.625, 8.75, 6.75, 8.875], "texture": "#4"},
				"south": {"uv": [6.75, 8.75, 6.875, 8.875], "texture": "#4"},
				"west": {"uv": [8.75, 6.75, 8.875, 6.875], "texture": "#4"},
				"up": {"uv": [7, 8.875, 6.875, 8.75], "texture": "#4"},
				"down": {"uv": [8.875, 6.875, 8.75, 7], "texture": "#4"}
			}
		},
		{
			"from": [11.56801, 12.84881, 2.9544],
			"to": [12.06801, 13.59881, 3.4544],
			"rotation": {"angle": -22.5, "axis": "y", "origin": [8.09958, 12.44135, 8]},
			"faces": {
				"north": {"uv": [7, 8.75, 7.125, 8.875], "texture": "#4"},
				"east": {"uv": [8.75, 7, 8.875, 7.125], "texture": "#4"},
				"south": {"uv": [7.125, 8.75, 7.25, 8.875], "texture": "#4"},
				"west": {"uv": [8.75, 7.125, 8.875, 7.25], "texture": "#4"},
				"up": {"uv": [7.375, 8.875, 7.25, 8.75], "texture": "#4"},
				"down": {"uv": [8.875, 7.25, 8.75, 7.375], "texture": "#4"}
			}
		},
		{
			"from": [8.59078, 12.09881, 6.76492],
			"to": [11.09078, 12.84881, 9.26492],
			"rotation": {"angle": 45, "axis": "y", "origin": [8.09958, 12.44135, 8]},
			"faces": {
				"north": {"uv": [8.625, 1.5, 9, 1.625], "texture": "#4"},
				"east": {"uv": [8.625, 1.625, 9, 1.75], "texture": "#4"},
				"south": {"uv": [8.625, 1.75, 9, 1.875], "texture": "#4"},
				"west": {"uv": [8.625, 1.875, 9, 2], "texture": "#4"},
				"up": {"uv": [6.25, 7.875, 5.875, 7.5], "texture": "#4"},
				"down": {"uv": [7.875, 6.125, 7.5, 6.5], "texture": "#4"}
			}
		},
		{
			"from": [8.34078, 10.34881, 6.51492],
			"to": [11.34078, 12.09881, 9.51492],
			"rotation": {"angle": 45, "axis": "y", "origin": [8.09958, 12.44135, 8]},
			"faces": {
				"north": {"uv": [3.625, 8.25, 4, 8.5], "texture": "#4"},
				"east": {"uv": [4, 8.25, 4.375, 8.5], "texture": "#4"},
				"south": {"uv": [4.375, 8.25, 4.75, 8.5], "texture": "#4"},
				"west": {"uv": [4.75, 8.25, 5.125, 8.5], "texture": "#4"},
				"up": {"uv": [6.625, 7.875, 6.25, 7.5], "texture": "#4"},
				"down": {"uv": [7, 7.5, 6.625, 7.875], "texture": "#4"}
			}
		},
		{
			"from": [8.59078, 9.84881, 6.76492],
			"to": [11.09078, 10.34881, 9.26492],
			"rotation": {"angle": 45, "axis": "y", "origin": [8.09958, 12.44135, 8]},
			"faces": {
				"north": {"uv": [8.625, 2, 9, 2.125], "texture": "#4"},
				"east": {"uv": [8.625, 2.125, 9, 2.25], "texture": "#4"},
				"south": {"uv": [5, 8.625, 5.375, 8.75], "texture": "#4"},
				"west": {"uv": [5.375, 8.625, 5.75, 8.75], "texture": "#4"},
				"up": {"uv": [7.375, 7.875, 7, 7.5], "texture": "#4"},
				"down": {"uv": [7.75, 7.5, 7.375, 7.875], "texture": "#4"}
			}
		},
		{
			"from": [9.84078, 13.59881, 8.01492],
			"to": [10.34078, 14.34881, 8.51492],
			"rotation": {"angle": 45, "axis": "y", "origin": [8.09958, 12.44135, 8]},
			"faces": {
				"north": {"uv": [7.375, 8.75, 7.5, 8.875], "texture": "#4"},
				"east": {"uv": [8.75, 7.375, 8.875, 7.5], "texture": "#4"},
				"south": {"uv": [7.5, 8.75, 7.625, 8.875], "texture": "#4"},
				"west": {"uv": [7.625, 8.75, 7.75, 8.875], "texture": "#4"},
				"up": {"uv": [7.875, 8.875, 7.75, 8.75], "texture": "#4"},
				"down": {"uv": [8, 8.75, 7.875, 8.875], "texture": "#4"}
			}
		},
		{
			"from": [9.59078, 12.84881, 7.76492],
			"to": [10.09078, 13.59881, 8.26492],
			"rotation": {"angle": 45, "axis": "y", "origin": [8.09958, 12.44135, 8]},
			"faces": {
				"north": {"uv": [8, 8.75, 8.125, 8.875], "texture": "#4"},
				"east": {"uv": [8.125, 8.75, 8.25, 8.875], "texture": "#4"},
				"south": {"uv": [8.25, 8.75, 8.375, 8.875], "texture": "#4"},
				"west": {"uv": [8.375, 8.75, 8.5, 8.875], "texture": "#4"},
				"up": {"uv": [8.625, 8.875, 8.5, 8.75], "texture": "#4"},
				"down": {"uv": [8.75, 8.75, 8.625, 8.875], "texture": "#4"}
			}
		},
		{
			"from": [5.96719, 12.09881, 1.93461],
			"to": [8.46719, 12.84881, 4.43461],
			"rotation": {"angle": 45, "axis": "y", "origin": [8.09958, 12.44135, 8]},
			"faces": {
				"north": {"uv": [8.625, 5.375, 9, 5.5], "texture": "#4"},
				"east": {"uv": [3.5, 5.125, 3.75, 5.25], "texture": "#4"},
				"south": {"uv": [8.625, 5.5, 9, 5.625], "texture": "#4"},
				"west": {"uv": [5.75, 5.125, 6, 5.25], "texture": "#4"},
				"up": {"uv": [5.5, 8.5, 5.125, 8.25], "texture": "#4"},
				"down": {"uv": [8.625, 5.375, 8.25, 5.625], "texture": "#4"}
			}
		},
		{
			"from": [5.71719, 10.34881, 1.68461],
			"to": [8.71719, 12.09881, 4.68461],
			"rotation": {"angle": 45, "axis": "y", "origin": [8.09958, 12.44135, 8]},
			"faces": {
				"north": {"uv": [5.5, 8.25, 5.875, 8.5], "texture": "#4"},
				"east": {"uv": [8.25, 5.625, 8.625, 5.875], "texture": "#4"},
				"south": {"uv": [5.875, 8.25, 6.25, 8.5], "texture": "#4"},
				"west": {"uv": [8.25, 5.875, 8.625, 6.125], "texture": "#4"},
				"up": {"uv": [8, 0.375, 7.625, 0], "texture": "#4"},
				"down": {"uv": [8, 0.375, 7.625, 0.75], "texture": "#4"}
			}
		},
		{
			"from": [5.96719, 9.84881, 1.93461],
			"to": [8.46719, 10.34881, 4.43461],
			"rotation": {"angle": 45, "axis": "y", "origin": [8.09958, 12.44135, 8]},
			"faces": {
				"north": {"uv": [8.625, 5.625, 9, 5.75], "texture": "#4"},
				"east": {"uv": [1.5, 8.625, 1.75, 8.75], "texture": "#4"},
				"south": {"uv": [5.75, 8.625, 6.125, 8.75], "texture": "#4"},
				"west": {"uv": [8.75, 3.625, 9, 3.75], "texture": "#4"},
				"up": {"uv": [8.625, 6.375, 8.25, 6.125], "texture": "#4"},
				"down": {"uv": [6.625, 8.25, 6.25, 8.5], "texture": "#4"}
			}
		},
		{
			"from": [7.21719, 13.59881, 2.68461],
			"to": [7.71719, 14.34881, 3.18461],
			"rotation": {"angle": 45, "axis": "y", "origin": [8.09958, 12.44135, 8]},
			"faces": {
				"north": {"uv": [8.75, 8.625, 8.875, 8.75], "texture": "#4"},
				"east": {"uv": [8.75, 8.75, 8.875, 8.875], "texture": "#4"},
				"south": {"uv": [0.375, 8.875, 0.5, 9], "texture": "#4"},
				"west": {"uv": [0.5, 8.875, 0.625, 9], "texture": "#4"},
				"up": {"uv": [0.75, 9, 0.625, 8.875], "texture": "#4"},
				"down": {"uv": [0.875, 8.875, 0.75, 9], "texture": "#4"}
			}
		},
		{
			"from": [6.96719, 12.84881, 2.93461],
			"to": [7.46719, 13.59881, 3.43461],
			"rotation": {"angle": 45, "axis": "y", "origin": [8.09958, 12.44135, 8]},
			"faces": {
				"north": {"uv": [0.875, 8.875, 1, 9], "texture": "#4"},
				"east": {"uv": [1, 8.875, 1.125, 9], "texture": "#4"},
				"south": {"uv": [1.125, 8.875, 1.25, 9], "texture": "#4"},
				"west": {"uv": [1.25, 8.875, 1.375, 9], "texture": "#4"},
				"up": {"uv": [1.5, 9, 1.375, 8.875], "texture": "#4"},
				"down": {"uv": [1.625, 8.875, 1.5, 9], "texture": "#4"}
			}
		},
		{
			"from": [6.51145, 12.09881, 9.7456],
			"to": [9.01145, 12.84881, 12.2456],
			"rotation": {"angle": -22.5, "axis": "y", "origin": [10.63645, 12.03631, 9.8706]},
			"faces": {
				"north": {"uv": [8.625, 5.75, 9, 5.875], "texture": "#4"},
				"east": {"uv": [8.625, 5.875, 9, 6], "texture": "#4"},
				"south": {"uv": [8.625, 6, 9, 6.125], "texture": "#4"},
				"west": {"uv": [6.125, 8.625, 6.5, 8.75], "texture": "#4"},
				"up": {"uv": [8, 1.125, 7.625, 0.75], "texture": "#4"},
				"down": {"uv": [8, 1.125, 7.625, 1.5], "texture": "#4"}
			}
		},
		{
			"from": [6.26145, 10.34881, 9.4956],
			"to": [9.26145, 12.09881, 12.4956],
			"rotation": {"angle": -22.5, "axis": "y", "origin": [10.63645, 12.03631, 9.8706]},
			"faces": {
				"north": {"uv": [8.25, 6.375, 8.625, 6.625], "texture": "#4"},
				"east": {"uv": [6.625, 8.25, 7, 8.5], "texture": "#4"},
				"south": {"uv": [7, 8.25, 7.375, 8.5], "texture": "#4"},
				"west": {"uv": [7.375, 8.25, 7.75, 8.5], "texture": "#4"},
				"up": {"uv": [8.125, 7.875, 7.75, 7.5], "texture": "#4"},
				"down": {"uv": [8.25, 1.5, 7.875, 1.875], "texture": "#4"}
			}
		},
		{
			"from": [6.51145, 9.84881, 9.7456],
			"to": [9.01145, 10.34881, 12.2456],
			"rotation": {"angle": -22.5, "axis": "y", "origin": [10.63645, 12.03631, 9.8706]},
			"faces": {
				"north": {"uv": [8.625, 6.125, 9, 6.25], "texture": "#4"},
				"east": {"uv": [8.625, 6.25, 9, 6.375], "texture": "#4"},
				"south": {"uv": [8.625, 6.375, 9, 6.5], "texture": "#4"},
				"west": {"uv": [6.5, 8.625, 6.875, 8.75], "texture": "#4"},
				"up": {"uv": [2.125, 8.25, 1.75, 7.875], "texture": "#4"},
				"down": {"uv": [8.25, 1.875, 7.875, 2.25], "texture": "#4"}
			}
		},
		{
			"from": [7.26145, 13.59881, 10.4956],
			"to": [7.76145, 14.34881, 10.9956],
			"rotation": {"angle": -22.5, "axis": "y", "origin": [10.63645, 12.03631, 9.8706]},
			"faces": {
				"north": {"uv": [1.625, 8.875, 1.75, 9], "texture": "#4"},
				"east": {"uv": [1.75, 8.875, 1.875, 9], "texture": "#4"},
				"south": {"uv": [1.875, 8.875, 2, 9], "texture": "#4"},
				"west": {"uv": [2, 8.875, 2.125, 9], "texture": "#4"},
				"up": {"uv": [2.25, 9, 2.125, 8.875], "texture": "#4"},
				"down": {"uv": [2.375, 8.875, 2.25, 9], "texture": "#4"}
			}
		},
		{
			"from": [7.51145, 12.84881, 10.7456],
			"to": [8.01145, 13.59881, 11.2456],
			"rotation": {"angle": -22.5, "axis": "y", "origin": [10.63645, 12.03631, 9.8706]},
			"faces": {
				"north": {"uv": [2.375, 8.875, 2.5, 9], "texture": "#4"},
				"east": {"uv": [2.5, 8.875, 2.625, 9], "texture": "#4"},
				"south": {"uv": [2.625, 8.875, 2.75, 9], "texture": "#4"},
				"west": {"uv": [2.75, 8.875, 2.875, 9], "texture": "#4"},
				"up": {"uv": [3, 9, 2.875, 8.875], "texture": "#4"},
				"down": {"uv": [3.125, 8.875, 3, 9], "texture": "#4"}
			}
		},
		{
			"from": [9.51145, 15.09881, 2.6456],
			"to": [12.01145, 15.84881, 5.1456],
			"rotation": {"angle": -22.5, "axis": "x", "origin": [10.63645, 15.03631, 4.7706]},
			"faces": {
				"north": {"uv": [8.625, 6.5, 9, 6.625], "texture": "#4"},
				"east": {"uv": [8.625, 6.625, 9, 6.75], "texture": "#4"},
				"south": {"uv": [6.875, 8.625, 7.25, 8.75], "texture": "#4"},
				"west": {"uv": [7.25, 8.625, 7.625, 8.75], "texture": "#4"},
				"up": {"uv": [2.5, 8.25, 2.125, 7.875], "texture": "#4"},
				"down": {"uv": [2.875, 7.875, 2.5, 8.25], "texture": "#4"}
			}
		},
		{
			"from": [9.26145, 13.34881, 2.3956],
			"to": [12.26145, 15.09881, 5.3956],
			"rotation": {"angle": -22.5, "axis": "x", "origin": [10.63645, 15.03631, 4.7706]},
			"faces": {
				"north": {"uv": [7.75, 8.25, 8.125, 8.5], "texture": "#4"},
				"east": {"uv": [8.375, 0, 8.75, 0.25], "texture": "#4"},
				"south": {"uv": [8.375, 0.25, 8.75, 0.5], "texture": "#4"},
				"west": {"uv": [8.375, 0.5, 8.75, 0.75], "texture": "#4"},
				"up": {"uv": [3.25, 8.25, 2.875, 7.875], "texture": "#4"},
				"down": {"uv": [3.625, 7.875, 3.25, 8.25], "texture": "#4"}
			}
		},
		{
			"from": [9.51145, 12.84881, 2.6456],
			"to": [12.01145, 13.34881, 5.1456],
			"rotation": {"angle": -22.5, "axis": "x", "origin": [10.63645, 15.03631, 4.7706]},
			"faces": {
				"north": {"uv": [7.625, 8.625, 8, 8.75], "texture": "#4"},
				"east": {"uv": [8, 8.625, 8.375, 8.75], "texture": "#4"},
				"south": {"uv": [8.375, 8.625, 8.75, 8.75], "texture": "#4"},
				"west": {"uv": [8.75, 0, 9.125, 0.125], "texture": "#4"},
				"up": {"uv": [4, 8.25, 3.625, 7.875], "texture": "#4"},
				"down": {"uv": [4.375, 7.875, 4, 8.25], "texture": "#4"}
			}
		},
		{
			"from": [10.26145, 16.59881, 3.3956],
			"to": [10.76145, 17.34881, 3.8956],
			"rotation": {"angle": -22.5, "axis": "x", "origin": [10.63645, 15.03631, 4.7706]},
			"faces": {
				"north": {"uv": [3.125, 8.875, 3.25, 9], "texture": "#4"},
				"east": {"uv": [3.25, 8.875, 3.375, 9], "texture": "#4"},
				"south": {"uv": [3.375, 8.875, 3.5, 9], "texture": "#4"},
				"west": {"uv": [3.5, 8.875, 3.625, 9], "texture": "#4"},
				"up": {"uv": [3.75, 9, 3.625, 8.875], "texture": "#4"},
				"down": {"uv": [3.875, 8.875, 3.75, 9], "texture": "#4"}
			}
		},
		{
			"from": [10.51145, 15.84881, 3.6456],
			"to": [11.01145, 16.59881, 4.1456],
			"rotation": {"angle": -22.5, "axis": "x", "origin": [10.63645, 15.03631, 4.7706]},
			"faces": {
				"north": {"uv": [8.875, 3.75, 9, 3.875], "texture": "#4"},
				"east": {"uv": [3.875, 8.875, 4, 9], "texture": "#4"},
				"south": {"uv": [8.875, 3.875, 9, 4], "texture": "#4"},
				"west": {"uv": [4, 8.875, 4.125, 9], "texture": "#4"},
				"up": {"uv": [9, 4.125, 8.875, 4], "texture": "#4"},
				"down": {"uv": [4.25, 8.875, 4.125, 9], "texture": "#4"}
			}
		},
		{
			"from": [4.11145, 12.09881, 4.7456],
			"to": [6.61145, 12.84881, 7.2456],
			"rotation": {"angle": -22.5, "axis": "y", "origin": [10.63645, 12.03631, 9.8706]},
			"faces": {
				"north": {"uv": [8.75, 0.125, 9.125, 0.25], "texture": "#4"},
				"east": {"uv": [8.75, 0.25, 9.125, 0.375], "texture": "#4"},
				"south": {"uv": [8.75, 0.375, 9.125, 0.5], "texture": "#4"},
				"west": {"uv": [8.75, 0.5, 9.125, 0.625], "texture": "#4"},
				"up": {"uv": [4.75, 8.25, 4.375, 7.875], "texture": "#4"},
				"down": {"uv": [5.125, 7.875, 4.75, 8.25], "texture": "#4"}
			}
		},
		{
			"from": [3.86145, 10.34881, 4.4956],
			"to": [6.86145, 12.09881, 7.4956],
			"rotation": {"angle": -22.5, "axis": "y", "origin": [10.63645, 12.03631, 9.8706]},
			"faces": {
				"north": {"uv": [8.375, 0.75, 8.75, 1], "texture": "#4"},
				"east": {"uv": [8.375, 1, 8.75, 1.25], "texture": "#4"},
				"south": {"uv": [8.375, 1.25, 8.75, 1.5], "texture": "#4"},
				"west": {"uv": [8.125, 8.375, 8.5, 8.625], "texture": "#4"},
				"up": {"uv": [5.5, 8.25, 5.125, 7.875], "texture": "#4"},
				"down": {"uv": [8.25, 5.375, 7.875, 5.75], "texture": "#4"}
			}
		},
		{
			"from": [4.11145, 9.84881, 4.7456],
			"to": [6.61145, 10.34881, 7.2456],
			"rotation": {"angle": -22.5, "axis": "y", "origin": [10.63645, 12.03631, 9.8706]},
			"faces": {
				"north": {"uv": [8.75, 0.625, 9.125, 0.75], "texture": "#4"},
				"east": {"uv": [0.75, 8.75, 1.125, 8.875], "texture": "#4"},
				"south": {"uv": [8.75, 0.75, 9.125, 0.875], "texture": "#4"},
				"west": {"uv": [8.75, 0.875, 9.125, 1], "texture": "#4"},
				"up": {"uv": [5.875, 8.25, 5.5, 7.875], "texture": "#4"},
				"down": {"uv": [8.25, 5.75, 7.875, 6.125], "texture": "#4"}
			}
		},
		{
			"from": [4.86145, 13.59881, 5.4956],
			"to": [5.36145, 14.34881, 5.9956],
			"rotation": {"angle": -22.5, "axis": "y", "origin": [10.63645, 12.03631, 9.8706]},
			"faces": {
				"north": {"uv": [8.875, 4.125, 9, 4.25], "texture": "#4"},
				"east": {"uv": [4.25, 8.875, 4.375, 9], "texture": "#4"},
				"south": {"uv": [4.375, 8.875, 4.5, 9], "texture": "#4"},
				"west": {"uv": [4.5, 8.875, 4.625, 9], "texture": "#4"},
				"up": {"uv": [4.75, 9, 4.625, 8.875], "texture": "#4"},
				"down": {"uv": [5.125, 8.875, 5, 9], "texture": "#4"}
			}
		},
		{
			"from": [5.11145, 12.84881, 5.7456],
			"to": [5.61145, 13.59881, 6.2456],
			"rotation": {"angle": -22.5, "axis": "y", "origin": [10.63645, 12.03631, 9.8706]},
			"faces": {
				"north": {"uv": [5.125, 8.875, 5.25, 9], "texture": "#4"},
				"east": {"uv": [5.25, 8.875, 5.375, 9], "texture": "#4"},
				"south": {"uv": [5.375, 8.875, 5.5, 9], "texture": "#4"},
				"west": {"uv": [5.5, 8.875, 5.625, 9], "texture": "#4"},
				"up": {"uv": [5.75, 9, 5.625, 8.875], "texture": "#4"},
				"down": {"uv": [5.875, 8.875, 5.75, 9], "texture": "#4"}
			}
		},
		{
			"from": [8.61145, 14.09881, 10.2456],
			"to": [11.11145, 14.84881, 12.7456],
			"rotation": {"angle": 22.5, "axis": "y", "origin": [10.63645, 12.03631, 9.8706]},
			"faces": {
				"north": {"uv": [8.75, 1, 9.125, 1.125], "texture": "#4"},
				"east": {"uv": [1.125, 8.75, 1.5, 8.875], "texture": "#4"},
				"south": {"uv": [8.75, 1.125, 9.125, 1.25], "texture": "#4"},
				"west": {"uv": [8.75, 1.25, 9.125, 1.375], "texture": "#4"},
				"up": {"uv": [6.25, 8.25, 5.875, 7.875], "texture": "#4"},
				"down": {"uv": [8.25, 6.125, 7.875, 6.5], "texture": "#4"}
			}
		},
		{
			"from": [8.36145, 12.34881, 9.9956],
			"to": [11.36145, 14.09881, 12.9956],
			"rotation": {"angle": 22.5, "axis": "y", "origin": [10.63645, 12.03631, 9.8706]},
			"faces": {
				"north": {"uv": [1.75, 8.5, 2.125, 8.75], "texture": "#4"},
				"east": {"uv": [2.125, 8.5, 2.5, 8.75], "texture": "#4"},
				"south": {"uv": [2.5, 8.5, 2.875, 8.75], "texture": "#4"},
				"west": {"uv": [2.875, 8.5, 3.25, 8.75], "texture": "#4"},
				"up": {"uv": [6.625, 8.25, 6.25, 7.875], "texture": "#4"},
				"down": {"uv": [7, 7.875, 6.625, 8.25], "texture": "#4"}
			}
		},
		{
			"from": [8.61145, 11.84881, 10.2456],
			"to": [11.11145, 12.34881, 12.7456],
			"rotation": {"angle": 22.5, "axis": "y", "origin": [10.63645, 12.03631, 9.8706]},
			"faces": {
				"north": {"uv": [8.75, 1.375, 9.125, 1.5], "texture": "#4"},
				"east": {"uv": [1.5, 8.75, 1.875, 8.875], "texture": "#4"},
				"south": {"uv": [1.875, 8.75, 2.25, 8.875], "texture": "#4"},
				"west": {"uv": [2.25, 8.75, 2.625, 8.875], "texture": "#4"},
				"up": {"uv": [7.375, 8.25, 7, 7.875], "texture": "#4"},
				"down": {"uv": [7.75, 7.875, 7.375, 8.25], "texture": "#4"}
			}
		},
		{
			"from": [9.36145, 15.59881, 10.9956],
			"to": [9.86145, 16.34881, 11.4956],
			"rotation": {"angle": 22.5, "axis": "y", "origin": [10.63645, 12.03631, 9.8706]},
			"faces": {
				"north": {"uv": [5.875, 8.875, 6, 9], "texture": "#4"},
				"east": {"uv": [6, 8.875, 6.125, 9], "texture": "#4"},
				"south": {"uv": [6.125, 8.875, 6.25, 9], "texture": "#4"},
				"west": {"uv": [6.25, 8.875, 6.375, 9], "texture": "#4"},
				"up": {"uv": [6.5, 9, 6.375, 8.875], "texture": "#4"},
				"down": {"uv": [6.625, 8.875, 6.5, 9], "texture": "#4"}
			}
		},
		{
			"from": [9.61145, 14.84881, 11.2456],
			"to": [10.11145, 15.59881, 11.7456],
			"rotation": {"angle": 22.5, "axis": "y", "origin": [10.63645, 12.03631, 9.8706]},
			"faces": {
				"north": {"uv": [6.625, 8.875, 6.75, 9], "texture": "#4"},
				"east": {"uv": [6.75, 8.875, 6.875, 9], "texture": "#4"},
				"south": {"uv": [8.875, 6.75, 9, 6.875], "texture": "#4"},
				"west": {"uv": [6.875, 8.875, 7, 9], "texture": "#4"},
				"up": {"uv": [9, 7, 8.875, 6.875], "texture": "#4"},
				"down": {"uv": [7.125, 8.875, 7, 9], "texture": "#4"}
			}
		},
		{
			"from": [0.89662, 12.09881, 6.63142],
			"to": [3.39662, 12.84881, 9.13142],
			"rotation": {"angle": 22.5, "axis": "x", "origin": [2.02162, 12.03631, 7.75642]},
			"faces": {
				"north": {"uv": [2.625, 8.75, 3, 8.875], "texture": "#4"},
				"east": {"uv": [3, 8.75, 3.375, 8.875], "texture": "#4"},
				"south": {"uv": [8.75, 3, 9.125, 3.125], "texture": "#4"},
				"west": {"uv": [8.75, 3.125, 9.125, 3.25], "texture": "#4"},
				"up": {"uv": [8.125, 8.25, 7.75, 7.875], "texture": "#4"},
				"down": {"uv": [8.375, 0, 8, 0.375], "texture": "#4"}
			}
		},
		{
			"from": [0.64662, 10.34881, 6.38142],
			"to": [3.64662, 12.09881, 9.38142],
			"rotation": {"angle": 22.5, "axis": "x", "origin": [2.02162, 12.03631, 7.75642]},
			"faces": {
				"north": {"uv": [3.25, 8.5, 3.625, 8.75], "texture": "#4"},
				"east": {"uv": [3.625, 8.5, 4, 8.75], "texture": "#4"},
				"south": {"uv": [4, 8.5, 4.375, 8.75], "texture": "#4"},
				"west": {"uv": [4.375, 8.5, 4.75, 8.75], "texture": "#4"},
				"up": {"uv": [8.375, 0.75, 8, 0.375], "texture": "#4"},
				"down": {"uv": [8.375, 0.75, 8, 1.125], "texture": "#4"}
			}
		},
		{
			"from": [0.89662, 9.84881, 6.63142],
			"to": [3.39662, 10.34881, 9.13142],
			"rotation": {"angle": 22.5, "axis": "x", "origin": [2.02162, 12.03631, 7.75642]},
			"faces": {
				"north": {"uv": [8.75, 3.25, 9.125, 3.375], "texture": "#4"},
				"east": {"uv": [3.375, 8.75, 3.75, 8.875], "texture": "#4"},
				"south": {"uv": [8.75, 3.375, 9.125, 3.5], "texture": "#4"},
				"west": {"uv": [8.75, 3.5, 9.125, 3.625], "texture": "#4"},
				"up": {"uv": [8.375, 1.5, 8, 1.125], "texture": "#4"},
				"down": {"uv": [8.5, 7.5, 8.125, 7.875], "texture": "#4"}
			}
		},
		{
			"from": [1.64662, 13.59881, 7.38142],
			"to": [2.14662, 14.34881, 7.88142],
			"rotation": {"angle": 22.5, "axis": "x", "origin": [2.02162, 12.03631, 7.75642]},
			"faces": {
				"north": {"uv": [8.875, 7, 9, 7.125], "texture": "#4"},
				"east": {"uv": [7.125, 8.875, 7.25, 9], "texture": "#4"},
				"south": {"uv": [8.875, 7.125, 9, 7.25], "texture": "#4"},
				"west": {"uv": [7.25, 8.875, 7.375, 9], "texture": "#4"},
				"up": {"uv": [9, 7.375, 8.875, 7.25], "texture": "#4"},
				"down": {"uv": [7.5, 8.875, 7.375, 9], "texture": "#4"}
			}
		},
		{
			"from": [1.89662, 12.84881, 7.63142],
			"to": [2.39662, 13.59881, 8.13142],
			"rotation": {"angle": 22.5, "axis": "x", "origin": [2.02162, 12.03631, 7.75642]},
			"faces": {
				"north": {"uv": [8.875, 7.375, 9, 7.5], "texture": "#4"},
				"east": {"uv": [7.5, 8.875, 7.625, 9], "texture": "#4"},
				"south": {"uv": [8.875, 7.5, 9, 7.625], "texture": "#4"},
				"west": {"uv": [7.625, 8.875, 7.75, 9], "texture": "#4"},
				"up": {"uv": [9, 7.75, 8.875, 7.625], "texture": "#4"},
				"down": {"uv": [7.875, 8.875, 7.75, 9], "texture": "#4"}
			}
		}
	],
	"display": {
		"thirdperson_righthand": {
			"rotation": [27, 161, 4],
			"translation": [0.25, -1.25, 0.25],
			"scale": [0.7, 0.7, 0.7]
		},
		"head": {
			"translation": [0, 14, 0]
		}
	},
	"groups": [
		{
			"name": "group",
			"origin": [8, 8, 8],
			"color": 0,
			"nbt": "{}",
			"children": [
				{
					"name": "box",
					"origin": [8, 8, 8],
					"color": 0,
					"nbt": "{}",
					"children": [0, 1, 2, 3, 4, 5, 6, 7, 8]
				},
				9,
				10,
				{
					"name": "group",
					"origin": [0, 0, 0],
					"color": 0,
					"nbt": "{}",
					"children": [11, 12, 13, 14, 15]
				},
				{
					"name": "group",
					"origin": [0, 0, 0],
					"color": 0,
					"nbt": "{}",
					"children": [16, 17, 18, 19, 20, 21]
				},
				{
					"name": "group",
					"origin": [0, 0, 0],
					"color": 0,
					"nbt": "{}",
					"children": [22, 23, 24, 25, 26]
				},
				{
					"name": "group",
					"origin": [0, 0, 0],
					"color": 0,
					"nbt": "{}",
					"children": [27, 28, 29, 30, 31]
				},
				{
					"name": "group",
					"origin": [0, 0, 0],
					"color": 0,
					"nbt": "{}",
					"children": [32, 33, 34, 35, 36]
				},
				{
					"name": "group",
					"origin": [0, 0, 0],
					"color": 0,
					"nbt": "{}",
					"children": [37, 38, 39, 40, 41]
				},
				{
					"name": "group",
					"origin": [0, 0, 0],
					"color": 0,
					"nbt": "{}",
					"children": [42, 43, 44, 45, 46]
				},
				{
					"name": "group",
					"origin": [0, 0, 0],
					"color": 0,
					"nbt": "{}",
					"children": [47, 48, 49, 50, 51]
				},
				{
					"name": "group",
					"origin": [0, 0, 0],
					"color": 0,
					"nbt": "{}",
					"children": [52, 53, 54, 55, 56]
				},
				{
					"name": "group",
					"origin": [0, 0, 0],
					"color": 0,
					"nbt": "{}",
					"children": [57, 58, 59, 60, 61]
				}
			]
		}
	]
}