{
  "parent": "minecraft:item/generated",
  "textures": {
    "layer0": "minecraft:item/written_book/role_book/camp_green"
  },
	"display": {
		"thirdperson_righthand": {
			"scale": [0, 0, 0]
		},
		"thirdperson_lefthand": {
			"scale": [0, 0, 0]
		},
		"ground": {
			"scale": [0, 0, 0]
		},
                "gui": {
			"rotation": [0, 0, 0],
			"translation": [0, 0, 0],
			"scale": [0.97, 0.97, 0.97]
		},
		"firstperson_righthand": {
			"rotation": [0, 0, 0],
			"translation": [0, 0, 0],
			"scale": [0, 0, 0]
		},
		"firstperson_lefthand": {
			"rotation": [0, 0, 0],
			"translation": [0, 0, 0],
			"scale": [0, 0, 0]
		}
	}
}