{
    "providers": [
        {
            "type": "space",
                "advances":{
                    " ": -2,
                    "A": -2,
                    "B": -2,
                    "C": -2,
                    "D": -2,
                    "E": -2,
                    "F": -2,
                    "G": -2,
                    "H": -2,
                    "I": -2,
                    "J": -2,
                    "K": -2,
                    "L": -2,
                    "M": -2,
                    "N": -2,
                    "O": -2,
                    "P": -2,
                    "Q": -2,
                    "R": -2,
                    "S": -2,
                    "T": -2,
                    "U": -2,
                    "V": -2,
                    "W": -2,
                    "X": -2,
                    "Y": -2,
                    "Z": -2,
                    "\u0061": -2,
                    "\u0062": -2,
                    "\u0063": -2,
                    "\u0064": -2,
                    "\u0065": -2,
                    "\u0066": -2,
                    "\u0067": -2,
                    "\u0068": -2,
                    "\u0069": -2,
                    "\u006a": -2,
                    "\u006a": -2,
                    "\u006b": -2,
                    "\u006c": -2,
                    "\u006d": -2,
                    "\u006e": -2,
                    "\u006f": -2,
                    "\u0070": -2,
                    "\u0071": -2,
                    "\u0072": -2,
                    "\u0073": -2,
                    "\u0074": -2,
                    "\u0075": -2,
                    "\u0076": -2,
                    "\u0077": -2,
                    "\u0078": -2,
                    "\u0079": -2,
                    "\u007a": -2,
                    "\u005f": -2,
                    "1": -2,
                    "2": -2,
                    "3": -2,
                    "4": -2,
                    "5": -2,
                    "6": -2,
                    "7": -2,
                    "8": -2,
                    "9": -2,
                    "0": -2
                }
        },
        {
            "type": "space",
                "advances":{
                    " ": 4,
                    "\u200c": 0,
                    "\uF821": 1,
                    "\uF822": 2,
                    "\uF823": 3,
                    "\uF824": 4,
                    "\uF825": 5,
                    "\uF826": 6,
                    "\uF827": 7,
                    "\uF828": 8,
                    "\uF829": 16,
                    "\uF82A": 32,
                    "\uF82B": 64,
                    "\uF82C": 128,
                    "\uF82D": 256,
                    "\uF82E": 512,
                    "\uF82F": 1024,
                    "\uF801": -1,
                    "\uF802": -2,
                    "\uF803": -3,
                    "\uF804": -4,
                    "\uF805": -5,
                    "\uF806": -6,
                    "\uF807": -7,
                    "\uF808": -8,
                    "\uF809": -16,
                    "\uF80A": -32,
                    "\uF80B": -64,
                    "\uF80C": -128,
                    "\uF80D": -256,
                    "\uF80E": -512,
                    "\uF80F": -1024
                }
        }
    ]
}