{
    "providers": [
        {
            "type": "ttf",
            "file": "minecraft:pixelmplus10.ttf",
            "shift": [0.0, 1.0],
            "size": 8.8,
            "oversample": 10.0
        },
        {
            "type": "space",
                "advances":{
                    " ": 4,
                    "\u200c": 0,
                    "\uF821": 1,
                    "\uF822": 2,
                    "\uF823": 3,
                    "\uF824": 4,
                    "\uF825": 5,
                    "\uF826": 6,
                    "\uF827": 7,
                    "\uF828": 8,
                    "\uF829": 16,
                    "\uF82A": 32,
                    "\uF82B": 64,
                    "\uF82C": 128,
                    "\uF82D": 256,
                    "\uF82E": 512,
                    "\uF82F": 1024,
                    "\uF801": -1,
                    "\uF802": -2,
                    "\uF803": -3,
                    "\uF804": -4,
                    "\uF805": -5,
                    "\uF806": -6,
                    "\uF807": -7,
                    "\uF808": -8,
                    "\uF809": -16,
                    "\uF80A": -32,
                    "\uF80B": -64,
                    "\uF80C": -128,
                    "\uF80D": -256,
                    "\uF80E": -512,
                    "\uF80F": -1024
                }
        },	
	    {
	        "type": "bitmap",
                "file": "minecraft:font/oak_log.png",
                "ascent": 8.0,
                "height": 9.0,
                "chars": ["\uE000"]
	    },
	    {
	        "type": "bitmap",
                "file": "minecraft:font/iron_ore.png",
                "ascent": 8.0,
                "height": 9.0,
                "chars": ["\uE100"]
	    },
	    {
	        "type": "bitmap",
                "file": "minecraft:font/wheat.png",
                "ascent": 8.0,
                "height": 9.0,
                "chars": ["\uE200"]
	    },
	    {
	        "type": "bitmap",
                "file": "minecraft:font/red_mushroom.png",
                "ascent": 8.0,
                "height": 9.0,
                "chars": ["\uE201"]
	    },
	    {
	        "type": "bitmap",
                "file": "minecraft:font/brown_mushroom.png",
                "ascent": 8.0,
                "height": 9.0,
                "chars": ["\uE202"]
	    },
	    {
	        "type": "bitmap",
                "file": "minecraft:font/emerald.png",
                "ascent": 8.0,
                "height": 9.0,
                "chars": ["\uE300"]
	    },
	    {
	        "type": "bitmap",
                "file": "minecraft:font/key/shift.png",
                "ascent": 8.0,
                "height": 9.0,
                "chars": ["\uE500"]
	    },
	    {
	        "type": "bitmap",
                "file": "minecraft:font/key/right.png",
                "ascent": 8.0,
                "height": 9.0,
                "chars": ["\uE501"]
	    },
	    {
	        "type": "bitmap",
                "file": "minecraft:font/key/left.png",
                "ascent": 8.0,
                "height": 9.0,
                "chars": ["\uE502"]
	    }
    ]
}