{
    "providers": [
        {
            "type": "ttf",
            "file": "minecraft:pixelmplus12_bold.ttf",
            "shift": [-108.8, 47.5],
            "size": 6.5,
            "oversample": 10.0
        },
        {
            "type": "space",
                "advances":{
                    " ": 4,
                    "\u200c": 0,
                    "\uF821": 1,
                    "\uF822": 2,
                    "\uF823": 3,
                    "\uF824": 4,
                    "\uF825": 5,
                    "\uF826": 6,
                    "\uF827": 7,
                    "\uF828": 8,
                    "\uF829": 16,
                    "\uF82A": 32,
                    "\uF82B": 64,
                    "\uF82C": 128,
                    "\uF82D": 256,
                    "\uF82E": 512,
                    "\uF82F": 1024,
                    "\uF801": -1,
                    "\uF802": -2,
                    "\uF803": -3,
                    "\uF804": -4,
                    "\uF805": -5,
                    "\uF806": -6,
                    "\uF807": -7,
                    "\uF808": -8,
                    "\uF809": -16,
                    "\uF80A": -32,
                    "\uF80B": -64,
                    "\uF80C": -128,
                    "\uF80D": -256,
                    "\uF80E": -512,
                    "\uF80F": -1024
                }
        }
    ]
}