{
    "providers": [
        {
            "type": "ttf",
            "file": "minecraft:pixelmplus12_bold.ttf",
            "shift": [-108.8, 39.5],
            "size": 6.6,
            "oversample": 10.0
        },
        {
            "type": "space",
                "advances":{
                    " ": 4,
                    "\u200c": 0,
                    "\uF821": 1,
                    "\uF822": 2,
                    "\uF823": 3,
                    "\uF824": 4,
                    "\uF825": 5,
                    "\uF826": 6,
                    "\uF827": 7,
                    "\uF828": 8,
                    "\uF829": 16,
                    "\uF82A": 32,
                    "\uF82B": 64,
                    "\uF82C": 128,
                    "\uF82D": 256,
                    "\uF82E": 512,
                    "\uF82F": 1024,
                    "\uF801": -1,
                    "\uF802": -2,
                    "\uF803": -3,
                    "\uF804": -4,
                    "\uF805": -5,
                    "\uF806": -6,
                    "\uF807": -7,
                    "\uF808": -8,
                    "\uF809": -16,
                    "\uF80A": -32,
                    "\uF80B": -64,
                    "\uF80C": -128,
                    "\uF80D": -256,
                    "\uF80E": -512,
                    "\uF80F": -1024,
                    "\uF811": -24.5
                }
        },
	    {
	        "type": "bitmap",
                "file": "minecraft:font/role/viewer.png",
                "ascent": 22.0,
                "height": 48.0,
                "chars": ["\uE000"]
	    },
            {
                "type": "bitmap",
                "file": "minecraft:font/black.png",
                "ascent": 640,
                "height": 1280,
                "chars": ["\uE001"]
            },
	    {
	        "type": "bitmap",
                "file": "minecraft:font/role/mura.png",
                "ascent": 22.0,
                "height": 48.0,
                "chars": ["\uE002"]
	    },
	    {
	        "type": "bitmap",
                "file": "minecraft:font/role/uranai.png",
                "ascent": 22.0,
                "height": 48.0,
                "chars": ["\uE003"]
	    },
	    {
	        "type": "bitmap",
                "file": "minecraft:font/role/reinou.png",
                "ascent": 22.0,
                "height": 48.0,
                "chars": ["\uE004"]
	    },
	    {
	        "type": "bitmap",
                "file": "minecraft:font/role/kishi.png",
                "ascent": 22.0,
                "height": 48.0,
                "chars": ["\uE005"]
	    },
	    {
	        "type": "bitmap",
                "file": "minecraft:font/role/kyouyuu.png",
                "ascent": 22.0,
                "height": 48.0,
                "chars": ["\uE006"]
	    },
	    {
	        "type": "bitmap",
                "file": "minecraft:font/role/hoankan.png",
                "ascent": 22.0,
                "height": 48.0,
                "chars": ["\uE007"]
	    },
	    {
	        "type": "bitmap",
                "file": "minecraft:font/role/jinrou.png",
                "ascent": 22.0,
                "height": 48.0,
                "chars": ["\uE101"]
	    },
	    {
	        "type": "bitmap",
                "file": "minecraft:font/role/kyoujin.png",
                "ascent": 22.0,
                "height": 48.0,
                "chars": ["\uE102"]
	    },
	    {
	        "type": "bitmap",
                "file": "minecraft:font/role/kyoushin.png",
                "ascent": 22.0,
                "height": 48.0,
                "chars": ["\uE103"]
	    },
	    {
	        "type": "bitmap",
                "file": "minecraft:font/role/youko.png",
                "ascent": 22.0,
                "height": 48.0,
                "chars": ["\uE201"]
	    },
	    {
	        "type": "bitmap",
                "file": "minecraft:font/role/haitoku.png",
                "ascent": 22.0,
                "height": 48.0,
                "chars": ["\uE202"]
	    },
	    {
	        "type": "bitmap",
                "file": "minecraft:font/role/shinigami.png",
                "ascent": 22.0,
                "height": 48.0,
                "chars": ["\uE203"]
	    }		
    ]
}