{
    "providers": [
        {
            "type": "ttf",
            "file": "minecraft:pixelmplus10.ttf",
            "shift": [0.0, 1.0],
            "size": 8.8,
            "oversample": 10.0
        },
        {
            "type": "space",
                "advances":{
                    " ": 4,
                    "\u200c": 0,
                    "\uF821": 1,
                    "\uF822": 2,
                    "\uF823": 3,
                    "\uF824": 4,
                    "\uF825": 5,
                    "\uF826": 6,
                    "\uF827": 7,
                    "\uF828": 8,
                    "\uF829": 16,
                    "\uF82A": 32,
                    "\uF82B": 64,
                    "\uF82C": 128,
                    "\uF82D": 256,
                    "\uF82E": 512,
                    "\uF82F": 1024,
                    "\uF801": -1,
                    "\uF802": -2,
                    "\uF803": -3,
                    "\uF804": -4,
                    "\uF805": -5,
                    "\uF806": -6,
                    "\uF807": -7,
                    "\uF808": -8,
                    "\uF809": -16,
                    "\uF80A": -32,
                    "\uF80B": -64,
                    "\uF80C": -128,
                    "\uF80D": -256,
                    "\uF80E": -512,
                    "\uF80F": -1024,
                    "\uF830": -23,
                    "\uF831": 6,
                    "\uF832": -58,
                    "\uF833": -125

                }
        },
	{
            "type": "bitmap",
            "file": "minecraft:font/role_dex/.void.png",
            "ascent": -2147483648,
            "height": -24,
            "chars": [
                "\uE100"
            ]
        },
        {
            "type": "bitmap",
            "file": "minecraft:font/role_dex/jinrou_l.png",
            "ascent": 36,
            "height": 180,
            "chars": [
                "\uE101"
            ]
        },	
        {
            "type": "bitmap",
            "file": "minecraft:font/role_dex/jinrou_r.png",
            "ascent": 45,
            "height": 180,
            "chars": [
                "\uE102"
            ]
        },
        {
            "type": "bitmap",
            "file": "minecraft:font/role_dex/kyoujin_l.png",
            "ascent": 36,
            "height": 180,
            "chars": [
                "\uE103"
            ]
        },	
        {
            "type": "bitmap",
            "file": "minecraft:font/role_dex/kyoujin_r.png",
            "ascent": 45,
            "height": 180,
            "chars": [
                "\uE104"
            ]
        },
        {
            "type": "bitmap",
            "file": "minecraft:font/role_dex/kyoushin_l.png",
            "ascent": 36,
            "height": 180,
            "chars": [
                "\uE105"
            ]
        },	
        {
            "type": "bitmap",
            "file": "minecraft:font/role_dex/kyoushin_r.png",
            "ascent": 45,
            "height": 180,
            "chars": [
                "\uE106"
            ]
        },
        {
            "type": "bitmap",
            "file": "minecraft:font/role_dex/mura_l.png",
            "ascent": 36,
            "height": 180,
            "chars": [
                "\uE107"
            ]
        },	
        {
            "type": "bitmap",
            "file": "minecraft:font/role_dex/mura_r.png",
            "ascent": 45,
            "height": 180,
            "chars": [
                "\uE108"
            ]
        },
        {
            "type": "bitmap",
            "file": "minecraft:font/role_dex/uranai_l.png",
            "ascent": 36,
            "height": 180,
            "chars": [
                "\uE109"
            ]
        },	
        {
            "type": "bitmap",
            "file": "minecraft:font/role_dex/uranai_r.png",
            "ascent": 45,
            "height": 180,
            "chars": [
                "\uE10A"
            ]
        },
        {
            "type": "bitmap",
            "file": "minecraft:font/role_dex/reinou_l.png",
            "ascent": 36,
            "height": 180,
            "chars": [
                "\uE10B"
            ]
        },	
        {
            "type": "bitmap",
            "file": "minecraft:font/role_dex/reinou_r.png",
            "ascent": 45,
            "height": 180,
            "chars": [
                "\uE10C"
            ]
        },
        {
            "type": "bitmap",
            "file": "minecraft:font/role_dex/kishi_l.png",
            "ascent": 36,
            "height": 180,
            "chars": [
                "\uE10D"
            ]
        },	
        {
            "type": "bitmap",
            "file": "minecraft:font/role_dex/kishi_r.png",
            "ascent": 45,
            "height": 180,
            "chars": [
                "\uE10E"
            ]
        },
        {
            "type": "bitmap",
            "file": "minecraft:font/role_dex/hoankan_l.png",
            "ascent": 36,
            "height": 180,
            "chars": [
                "\uE10F"
            ]
        },	
        {
            "type": "bitmap",
            "file": "minecraft:font/role_dex/hoankan_r.png",
            "ascent": 45,
            "height": 180,
            "chars": [
                "\uE110"
            ]
        },
        {
            "type": "bitmap",
            "file": "minecraft:font/role_dex/youko_l.png",
            "ascent": 36,
            "height": 180,
            "chars": [
                "\uE111"
            ]
        },	
        {
            "type": "bitmap",
            "file": "minecraft:font/role_dex/youko_r.png",
            "ascent": 45,
            "height": 180,
            "chars": [
                "\uE112"
            ]
        },
        {
            "type": "bitmap",
            "file": "minecraft:font/role_dex/haitoku_l.png",
            "ascent": 36,
            "height": 180,
            "chars": [
                "\uE113"
            ]
        },	
        {
            "type": "bitmap",
            "file": "minecraft:font/role_dex/haitoku_r.png",
            "ascent": 45,
            "height": 180,
            "chars": [
                "\uE114"
            ]
        },
        {
            "type": "bitmap",
            "file": "minecraft:font/role_dex/shinigami_l.png",
            "ascent": 36,
            "height": 180,
            "chars": [
                "\uE115"
            ]
        },	
        {
            "type": "bitmap",
            "file": "minecraft:font/role_dex/shinigami_r.png",
            "ascent": 45,
            "height": 180,
            "chars": [
                "\uE116"
            ]
        }
    ]
}