{
    "providers": [
        {
            "type": "space",
                "advances":{
                    "\u200c": 0,
                    "\uF821": 1,
                    "\uF822": 2,
                    "\uF823": 3,
                    "\uF824": 4,
                    "\uF825": 5,
                    "\uF826": 6,
                    "\uF827": 7,
                    "\uF828": 8,
                    "\uF829": 16,
                    "\uF82A": 32,
                    "\uF82B": 64,
                    "\uF82C": 128,
                    "\uF82D": 256,
                    "\uF82E": 512,
                    "\uF82F": 1024,
                    "\uF801": -1,
                    "\uF802": -2,
                    "\uF803": -3,
                    "\uF804": -4,
                    "\uF805": -5,
                    "\uF806": -6,
                    "\uF807": -7,
                    "\uF808": -8,
                    "\uF809": -16,
                    "\uF80A": -32,
                    "\uF80B": -64,
                    "\uF80C": -128,
                    "\uF80D": -256,
                    "\uF80E": -512,
                    "\uF80F": -1024,
                    "\uF830": 224,
                    "\uF831": -232
                }
        },
	{
            "type": "space",
                "advances":{
                    " ": -3,
                    "A": -3,
                    "B": -3,
                    "C": -3,
                    "D": -3,
                    "E": -3,
                    "F": -3,
                    "G": -3,
                    "H": -3,
                    "I": -3,
                    "J": -3,
                    "K": -3,
                    "L": -3,
                    "M": -3,
                    "N": -3,
                    "O": -3,
                    "P": -3,
                    "Q": -3,
                    "R": -3,
                    "S": -3,
                    "T": -3,
                    "U": -3,
                    "V": -3,
                    "W": -3,
                    "X": -3,
                    "Y": -3,
                    "Z": -3,
                    "\u0061": -3,
                    "\u0062": -3,
                    "\u0063": -3,
                    "\u0064": -3,
                    "\u0065": -3,
                    "\u0066": -3,
                    "\u0067": -3,
                    "\u0068": -3,
                    "\u0069": -3,
                    "\u006a": -3,
                    "\u006a": -3,
                    "\u006b": -3,
                    "\u006c": -3,
                    "\u006d": -3,
                    "\u006e": -3,
                    "\u006f": -3,
                    "\u0070": -3,
                    "\u0071": -3,
                    "\u0072": -3,
                    "\u0073": -3,
                    "\u0074": -3,
                    "\u0075": -3,
                    "\u0076": -3,
                    "\u0077": -3,
                    "\u0078": -3,
                    "\u0079": -3,
                    "\u007a": -3,
                    "\u005f": -3,
                    "1": -3,
                    "2": -3,
                    "3": -3,
                    "4": -3,
                    "5": -3,
                    "6": -3,
                    "7": -3,
                    "8": -3,
                    "9": -3,
                    "0": -3
                }
        }	
    ]
}