{
	"credit": "Made with Blockbench",
	"texture_size": [128, 128],
	"textures": {
		"6": "item/bread/bread_box_4"
	},
	"elements": [
		{
			"from": [1, 0, 16],
			"to": [15, 16, 16],
			"rotation": {"angle": 0, "axis": "y", "origin": [8, 8, 8]},
			"faces": {
				"north": {"uv": [2, 0, 3.75, 2], "texture": "#6"},
				"east": {"uv": [0, 0, 0, 2], "texture": "#6"},
				"south": {"uv": [2, 2, 3.75, 4], "texture": "#6"},
				"west": {"uv": [0, 0, 0, 2], "texture": "#6"},
				"up": {"uv": [1.75, 0, 0, 0], "texture": "#6"},
				"down": {"uv": [1.75, 0, 0, 0], "texture": "#6"}
			}
		},
		{
			"from": [0, 0, 1],
			"to": [0, 16, 15],
			"rotation": {"angle": 0, "axis": "y", "origin": [8, 8, 0]},
			"faces": {
				"north": {"uv": [0, 0, 0, 2], "texture": "#6"},
				"east": {"uv": [3.75, 0, 5.5, 2], "texture": "#6"},
				"south": {"uv": [0, 0, 0, 2], "texture": "#6"},
				"west": {"uv": [3.75, 2, 5.5, 4], "texture": "#6"},
				"up": {"uv": [0, 1.75, 0, 0], "texture": "#6"},
				"down": {"uv": [0, 0, 0, 1.75], "texture": "#6"}
			}
		},
		{
			"from": [1, 0, 0],
			"to": [15, 16, 0],
			"rotation": {"angle": 0, "axis": "y", "origin": [8, 8, 8]},
			"faces": {
				"north": {"uv": [0, 4, 1.75, 6], "texture": "#6"},
				"east": {"uv": [0, 0, 0, 2], "texture": "#6"},
				"south": {"uv": [1.75, 4, 3.5, 6], "texture": "#6"},
				"west": {"uv": [0, 0, 0, 2], "texture": "#6"},
				"up": {"uv": [1.75, 0, 0, 0], "texture": "#6"},
				"down": {"uv": [1.75, 0, 0, 0], "texture": "#6"}
			}
		},
		{
			"from": [16, 0, 1],
			"to": [16, 16, 15],
			"rotation": {"angle": 0, "axis": "y", "origin": [2.34315, 8, 2.34315]},
			"faces": {
				"north": {"uv": [0, 0, 0, 2], "texture": "#6"},
				"east": {"uv": [3.5, 4, 5.25, 6], "texture": "#6"},
				"south": {"uv": [0, 0, 0, 2], "texture": "#6"},
				"west": {"uv": [5.25, 4, 7, 6], "texture": "#6"},
				"up": {"uv": [0, 1.75, 0, 0], "texture": "#6"},
				"down": {"uv": [0, 0, 0, 1.75], "texture": "#6"}
			}
		},
		{
			"from": [-0.4, 0, 16],
			"to": [1, 16, 16],
			"rotation": {"angle": -45, "axis": "y", "origin": [1, 1, 16]},
			"faces": {
				"north": {"uv": [0, 6, 0.125, 8], "texture": "#6"},
				"east": {"uv": [0, 0, 0, 2], "texture": "#6"},
				"south": {"uv": [0.125, 6, 0.25, 8], "texture": "#6"},
				"west": {"uv": [0, 0, 0, 2], "texture": "#6"},
				"up": {"uv": [0.125, 0, 0, 0], "texture": "#6"},
				"down": {"uv": [0.125, 0, 0, 0], "texture": "#6"}
			}
		},
		{
			"from": [-0.4, 0, -5.25],
			"to": [1, 16, -5.25],
			"rotation": {"angle": -45, "axis": "y", "origin": [1, 1, 16]},
			"faces": {
				"north": {"uv": [0.25, 6, 0.375, 8], "texture": "#6"},
				"east": {"uv": [0, 0, 0, 2], "texture": "#6"},
				"south": {"uv": [0.375, 6, 0.5, 8], "texture": "#6"},
				"west": {"uv": [0, 0, 0, 2], "texture": "#6"},
				"up": {"uv": [0.125, 0, 0, 0], "texture": "#6"},
				"down": {"uv": [0.125, 0, 0, 0], "texture": "#6"}
			}
		},
		{
			"from": [0.76, 0, -2.06],
			"to": [0.76, 16, -0.66],
			"rotation": {"angle": -45, "axis": "y", "origin": [-1.6163, 8, -0.75843]},
			"faces": {
				"north": {"uv": [0, 0, 0, 2], "texture": "#6"},
				"east": {"uv": [0.5, 6, 0.625, 8], "texture": "#6"},
				"south": {"uv": [0, 0, 0, 2], "texture": "#6"},
				"west": {"uv": [0.625, 6, 0.75, 8], "texture": "#6"},
				"up": {"uv": [0, 0.125, 0, 0], "texture": "#6"},
				"down": {"uv": [0, 0, 0, 0.125], "texture": "#6"}
			}
		},
		{
			"from": [21.99, 0, -2.06],
			"to": [21.99, 16, -0.66],
			"rotation": {"angle": -45, "axis": "y", "origin": [-1.6163, 8, -0.75843]},
			"faces": {
				"north": {"uv": [0, 0, 0, 2], "texture": "#6"},
				"east": {"uv": [0.75, 6, 0.875, 8], "texture": "#6"},
				"south": {"uv": [0, 0, 0, 2], "texture": "#6"},
				"west": {"uv": [0.875, 6, 1, 8], "texture": "#6"},
				"up": {"uv": [0, 0.125, 0, 0], "texture": "#6"},
				"down": {"uv": [0, 0, 0, 0.125], "texture": "#6"}
			}
		},
		{
			"from": [0, 0, 0],
			"to": [16, 0, 16],
			"faces": {
				"north": {"uv": [0, 0, 2, 0], "texture": "#6"},
				"east": {"uv": [0, 0, 2, 0], "texture": "#6"},
				"south": {"uv": [0, 0, 2, 0], "texture": "#6"},
				"west": {"uv": [0, 0, 2, 0], "texture": "#6"},
				"up": {"uv": [2, 2, 0, 0], "texture": "#6"},
				"down": {"uv": [2, 2, 0, 4], "texture": "#6"}
			}
		},
		{
			"from": [0.72, 0.01, -0.75],
			"to": [1.47, 0.01, 0.75],
			"rotation": {"angle": -45, "axis": "y", "origin": [0, 0, 0]},
			"faces": {
				"north": {"uv": [0, 0, 0.125, 0], "texture": "#6"},
				"east": {"uv": [0, 0, 0.25, 0], "texture": "#6"},
				"south": {"uv": [0, 0, 0.125, 0], "texture": "#6"},
				"west": {"uv": [0, 0, 0.25, 0], "texture": "#6"},
				"up": {"uv": [1.75, 7.5, 1.625, 7.25], "texture": "#6"},
				"down": {"uv": [3, 7.25, 2.875, 7.5], "texture": "#6"}
			}
		},
		{
			"from": [21.19, 0.01, -0.75],
			"to": [21.94, 0.01, 0.75],
			"rotation": {"angle": -45, "axis": "y", "origin": [0, 0, 0]},
			"faces": {
				"north": {"uv": [0, 0, 0.125, 0], "texture": "#6"},
				"east": {"uv": [0, 0, 0.25, 0], "texture": "#6"},
				"south": {"uv": [0, 0, 0.125, 0], "texture": "#6"},
				"west": {"uv": [0, 0, 0.25, 0], "texture": "#6"},
				"up": {"uv": [1.625, 8, 1.5, 7.75], "texture": "#6"},
				"down": {"uv": [1.75, 7.75, 1.625, 8], "texture": "#6"}
			}
		},
		{
			"from": [-0.31, 0.01, 6.29901],
			"to": [0.44, 0.01, 7.79901],
			"rotation": {"angle": 45, "axis": "y", "origin": [10.29901, 0.01, 10.29901]},
			"faces": {
				"north": {"uv": [0, 0, 0.125, 0], "texture": "#6"},
				"east": {"uv": [0, 0, 0.25, 0], "texture": "#6"},
				"south": {"uv": [0, 0, 0.125, 0], "texture": "#6"},
				"west": {"uv": [0, 0, 0.25, 0], "texture": "#6"},
				"up": {"uv": [2.875, 8.125, 2.75, 7.875], "texture": "#6"},
				"down": {"uv": [3, 7.875, 2.875, 8.125], "texture": "#6"}
			}
		},
		{
			"from": [20.19, 0.01, 6.29901],
			"to": [20.94, 0.01, 7.79901],
			"rotation": {"angle": 45, "axis": "y", "origin": [10.29901, 0.01, 10.29901]},
			"faces": {
				"north": {"uv": [0, 0, 0.125, 0], "texture": "#6"},
				"east": {"uv": [0, 0, 0.25, 0], "texture": "#6"},
				"south": {"uv": [0, 0, 0.125, 0], "texture": "#6"},
				"west": {"uv": [0, 0, 0.25, 0], "texture": "#6"},
				"up": {"uv": [4.75, 8.125, 4.625, 7.875], "texture": "#6"},
				"down": {"uv": [4.875, 7.875, 4.75, 8.125], "texture": "#6"}
			}
		},
		{
			"from": [1, 15, -0.25],
			"to": [15, 16, 0.25],
			"faces": {
				"north": {"uv": [5.5, 3.875, 7.25, 4], "texture": "#6"},
				"east": {"uv": [3.25, 8, 3.375, 8.125], "texture": "#6"},
				"south": {"uv": [2.375, 6.375, 4.125, 6.5], "texture": "#6"},
				"west": {"uv": [3.375, 8, 3.5, 8.125], "texture": "#6"},
				"up": {"uv": [5.875, 6.5, 4.125, 6.375], "texture": "#6"},
				"down": {"uv": [7.625, 6.375, 5.875, 6.5], "texture": "#6"}
			}
		},
		{
			"from": [1, 15, 15.75],
			"to": [15, 16, 16.25],
			"faces": {
				"north": {"uv": [2.375, 6.5, 4.125, 6.625], "texture": "#6"},
				"east": {"uv": [3.5, 8, 3.625, 8.125], "texture": "#6"},
				"south": {"uv": [4.125, 6.5, 5.875, 6.625], "texture": "#6"},
				"west": {"uv": [8, 3.5, 8.125, 3.625], "texture": "#6"},
				"up": {"uv": [7.625, 6.625, 5.875, 6.5], "texture": "#6"},
				"down": {"uv": [4.125, 6.625, 2.375, 6.75], "texture": "#6"}
			}
		},
		{
			"from": [-0.25, 15, 1],
			"to": [0.25, 16, 15],
			"rotation": {"angle": 0, "axis": "y", "origin": [8, 15.5, 16]},
			"faces": {
				"north": {"uv": [3.625, 8, 3.75, 8.125], "texture": "#6"},
				"east": {"uv": [4.125, 6.625, 5.875, 6.75], "texture": "#6"},
				"south": {"uv": [8, 3.625, 8.125, 3.75], "texture": "#6"},
				"west": {"uv": [5.875, 6.625, 7.625, 6.75], "texture": "#6"},
				"up": {"uv": [1.875, 8.5, 1.75, 6.75], "texture": "#6"},
				"down": {"uv": [2, 6.75, 1.875, 8.5], "texture": "#6"}
			}
		},
		{
			"from": [15.75, 15, 1],
			"to": [16.25, 16, 15],
			"rotation": {"angle": 0, "axis": "y", "origin": [8, 15.5, 16]},
			"faces": {
				"north": {"uv": [3.75, 8, 3.875, 8.125], "texture": "#6"},
				"east": {"uv": [6.625, 6, 8.375, 6.125], "texture": "#6"},
				"south": {"uv": [3.875, 8, 4, 8.125], "texture": "#6"},
				"west": {"uv": [6.625, 6.125, 8.375, 6.25], "texture": "#6"},
				"up": {"uv": [2.125, 8.5, 2, 6.75], "texture": "#6"},
				"down": {"uv": [2.25, 6.75, 2.125, 8.5], "texture": "#6"}
			}
		},
		{
			"from": [-0.4, 15, 15.75],
			"to": [1, 16, 16.25],
			"rotation": {"angle": -45, "axis": "y", "origin": [1, 1, 16]},
			"faces": {
				"north": {"uv": [4, 8, 4.125, 8.125], "texture": "#6"},
				"east": {"uv": [4.125, 8, 4.25, 8.125], "texture": "#6"},
				"south": {"uv": [4.25, 8, 4.375, 8.125], "texture": "#6"},
				"west": {"uv": [8, 4.25, 8.125, 4.375], "texture": "#6"},
				"up": {"uv": [4.5, 8.125, 4.375, 8], "texture": "#6"},
				"down": {"uv": [8.125, 4.375, 8, 4.5], "texture": "#6"}
			}
		},
		{
			"from": [-0.4, 15, -5.5],
			"to": [1, 16, -5],
			"rotation": {"angle": -45, "axis": "y", "origin": [1, 1, 16]},
			"faces": {
				"north": {"uv": [4.5, 8, 4.625, 8.125], "texture": "#6"},
				"east": {"uv": [8, 4.5, 8.125, 4.625], "texture": "#6"},
				"south": {"uv": [8, 4.625, 8.125, 4.75], "texture": "#6"},
				"west": {"uv": [4.875, 8, 5, 8.125], "texture": "#6"},
				"up": {"uv": [8.125, 5, 8, 4.875], "texture": "#6"},
				"down": {"uv": [5.125, 8, 5, 8.125], "texture": "#6"}
			}
		},
		{
			"from": [4.78104, 15, 10.379],
			"to": [5.28104, 16, 11.779],
			"rotation": {"angle": -45, "axis": "y", "origin": [15.53104, 15.5, 0.47901]},
			"faces": {
				"north": {"uv": [8, 5, 8.125, 5.125], "texture": "#6"},
				"east": {"uv": [5.125, 8, 5.25, 8.125], "texture": "#6"},
				"south": {"uv": [8, 5.125, 8.125, 5.25], "texture": "#6"},
				"west": {"uv": [5.25, 8, 5.375, 8.125], "texture": "#6"},
				"up": {"uv": [8.125, 5.375, 8, 5.25], "texture": "#6"},
				"down": {"uv": [5.5, 8, 5.375, 8.125], "texture": "#6"}
			}
		},
		{
			"from": [25.78104, 15, 10.379],
			"to": [26.28104, 16, 11.779],
			"rotation": {"angle": -45, "axis": "y", "origin": [15.53104, 15.5, 0.47901]},
			"faces": {
				"north": {"uv": [5.5, 8, 5.625, 8.125], "texture": "#6"},
				"east": {"uv": [8, 5.5, 8.125, 5.625], "texture": "#6"},
				"south": {"uv": [5.625, 8, 5.75, 8.125], "texture": "#6"},
				"west": {"uv": [8, 5.625, 8.125, 5.75], "texture": "#6"},
				"up": {"uv": [5.875, 8.125, 5.75, 8], "texture": "#6"},
				"down": {"uv": [8.125, 5.75, 8, 5.875], "texture": "#6"}
			}
		},
		{
			"from": [5, 9.5, 3],
			"to": [26, 11.75, 5],
			"rotation": {"angle": -45, "axis": "z", "origin": [11.5, 21.125, 1]},
			"faces": {
				"north": {"uv": [5.5, 2.25, 8.125, 2.5], "texture": "#6"},
				"east": {"uv": [1.5, 7.5, 1.75, 7.75], "texture": "#6"},
				"south": {"uv": [5.5, 2.5, 8.125, 2.75], "texture": "#6"},
				"west": {"uv": [2.75, 7.5, 3, 7.75], "texture": "#6"},
				"up": {"uv": [8.125, 3, 5.5, 2.75], "texture": "#6"},
				"down": {"uv": [8.125, 3, 5.5, 3.25], "texture": "#6"}
			}
		},
		{
			"from": [4, 9.5, 2],
			"to": [27, 11.25, 6],
			"rotation": {"angle": -45, "axis": "z", "origin": [11.5, 21.125, 1]},
			"faces": {
				"north": {"uv": [5.5, 1.75, 8.375, 2], "texture": "#6"},
				"east": {"uv": [7.5, 3.5, 8, 3.75], "texture": "#6"},
				"south": {"uv": [5.5, 2, 8.375, 2.25], "texture": "#6"},
				"west": {"uv": [4, 7.5, 4.5, 7.75], "texture": "#6"},
				"up": {"uv": [8.375, 0.5, 5.5, 0], "texture": "#6"},
				"down": {"uv": [8.375, 0.5, 5.5, 1], "texture": "#6"}
			}
		},
		{
			"from": [3.25, 9.5, 2.5],
			"to": [27.75, 10.75, 5.5],
			"rotation": {"angle": -45, "axis": "z", "origin": [11.5, 21.125, 1]},
			"faces": {
				"north": {"uv": [5.5, 3.25, 8.625, 3.375], "texture": "#6"},
				"east": {"uv": [6.75, 7.75, 7.125, 7.875], "texture": "#6"},
				"south": {"uv": [5.5, 3.375, 8.625, 3.5], "texture": "#6"},
				"west": {"uv": [4.25, 7.875, 4.625, 8], "texture": "#6"},
				"up": {"uv": [8.625, 1.375, 5.5, 1], "texture": "#6"},
				"down": {"uv": [8.625, 1.375, 5.5, 1.75], "texture": "#6"}
			}
		},
		{
			"from": [0, 0.45, 10.25],
			"to": [6, 1.2, 11.75],
			"rotation": {"angle": 45, "axis": "y", "origin": [3, 3.125, 11]},
			"faces": {
				"north": {"uv": [7.5, 7.625, 8.25, 7.75], "texture": "#6"},
				"east": {"uv": [1.5, 8, 1.75, 8.125], "texture": "#6"},
				"south": {"uv": [2.25, 7.75, 3, 7.875], "texture": "#6"},
				"west": {"uv": [2.25, 8, 2.5, 8.125], "texture": "#6"},
				"up": {"uv": [4.25, 7.25, 3.5, 7], "texture": "#6"},
				"down": {"uv": [7.75, 4, 7, 4.25], "texture": "#6"}
			}
		},
		{
			"from": [0.5, 0.2, 9.75],
			"to": [5.5, 1.95, 12.25],
			"rotation": {"angle": 45, "axis": "y", "origin": [3, 3.125, 11]},
			"faces": {
				"north": {"uv": [1, 7.25, 1.625, 7.5], "texture": "#6"},
				"east": {"uv": [3, 7.75, 3.375, 8], "texture": "#6"},
				"south": {"uv": [2.25, 7.25, 2.875, 7.5], "texture": "#6"},
				"west": {"uv": [3.375, 7.75, 3.75, 8], "texture": "#6"},
				"up": {"uv": [6.75, 3.875, 6.125, 3.5], "texture": "#6"},
				"down": {"uv": [2.375, 6.375, 1.75, 6.75], "texture": "#6"}
			}
		},
		{
			"from": [1, 1.2, 10.25],
			"to": [5, 2.45, 11.75],
			"rotation": {"angle": 45, "axis": "y", "origin": [3, 3.125, 11]},
			"faces": {
				"north": {"uv": [2.25, 7.875, 2.75, 8], "texture": "#6"},
				"east": {"uv": [2.5, 8, 2.75, 8.125], "texture": "#6"},
				"south": {"uv": [3.75, 7.875, 4.25, 8], "texture": "#6"},
				"west": {"uv": [3, 8, 3.25, 8.125], "texture": "#6"},
				"up": {"uv": [2.75, 7.75, 2.25, 7.5], "texture": "#6"},
				"down": {"uv": [4, 7.5, 3.5, 7.75], "texture": "#6"}
			}
		},
		{
			"from": [6.49264, 0.45, 4.75736],
			"to": [7.99264, 1.2, 10.75736],
			"rotation": {"angle": 22.5, "axis": "y", "origin": [7.24264, 1.325, 6.75736]},
			"faces": {
				"north": {"uv": [0.5, 8, 0.75, 8.125], "texture": "#6"},
				"east": {"uv": [6, 7.625, 6.75, 7.75], "texture": "#6"},
				"south": {"uv": [0.75, 8, 1, 8.125], "texture": "#6"},
				"west": {"uv": [7.625, 6.375, 8.375, 6.5], "texture": "#6"},
				"up": {"uv": [3.25, 7.75, 3, 7], "texture": "#6"},
				"down": {"uv": [3.5, 7, 3.25, 7.75], "texture": "#6"}
			}
		},
		{
			"from": [5.99264, 0.2, 5.25736],
			"to": [8.49264, 1.95, 10.25736],
			"rotation": {"angle": 22.5, "axis": "y", "origin": [7.24264, 1.325, 6.75736]},
			"faces": {
				"north": {"uv": [7.625, 6.5, 8, 6.75], "texture": "#6"},
				"east": {"uv": [6.125, 7, 6.75, 7.25], "texture": "#6"},
				"south": {"uv": [7.125, 7.625, 7.5, 7.875], "texture": "#6"},
				"west": {"uv": [6.75, 7, 7.375, 7.25], "texture": "#6"},
				"up": {"uv": [1.375, 7, 1, 6.375], "texture": "#6"},
				"down": {"uv": [1.75, 6.375, 1.375, 7], "texture": "#6"}
			}
		},
		{
			"from": [6.49264, 1.2, 5.75736],
			"to": [7.99264, 2.45, 9.75736],
			"rotation": {"angle": 22.5, "axis": "y", "origin": [7.24264, 1.325, 6.75736]},
			"faces": {
				"north": {"uv": [1, 8, 1.25, 8.125], "texture": "#6"},
				"east": {"uv": [6.25, 7.75, 6.75, 7.875], "texture": "#6"},
				"south": {"uv": [1.25, 8, 1.5, 8.125], "texture": "#6"},
				"west": {"uv": [7.5, 7.75, 8, 7.875], "texture": "#6"},
				"up": {"uv": [1.25, 8, 1, 7.5], "texture": "#6"},
				"down": {"uv": [1.5, 7.5, 1.25, 8], "texture": "#6"}
			}
		},
		{
			"from": [7.24264, 2.45, 6.00736],
			"to": [13.24264, 3.2, 7.50736],
			"rotation": {"angle": -22.5, "axis": "z", "origin": [7.24264, 1.325, 6.75736]},
			"faces": {
				"north": {"uv": [5.25, 7.625, 6, 7.75], "texture": "#6"},
				"east": {"uv": [7.625, 7.875, 7.875, 8], "texture": "#6"},
				"south": {"uv": [7.625, 5.375, 8.375, 5.5], "texture": "#6"},
				"west": {"uv": [7.875, 7.875, 8.125, 8], "texture": "#6"},
				"up": {"uv": [1.75, 7.25, 1, 7], "texture": "#6"},
				"down": {"uv": [3, 7, 2.25, 7.25], "texture": "#6"}
			}
		},
		{
			"from": [7.74264, 2.2, 5.50736],
			"to": [12.74264, 3.95, 8.00736],
			"rotation": {"angle": -22.5, "axis": "z", "origin": [7.24264, 1.325, 6.75736]},
			"faces": {
				"north": {"uv": [7, 5.5, 7.625, 5.75], "texture": "#6"},
				"east": {"uv": [7.625, 5.5, 8, 5.75], "texture": "#6"},
				"south": {"uv": [7, 5.75, 7.625, 6], "texture": "#6"},
				"west": {"uv": [7.625, 5.75, 8, 6], "texture": "#6"},
				"up": {"uv": [6, 6.375, 5.375, 6], "texture": "#6"},
				"down": {"uv": [6.625, 6, 6, 6.375], "texture": "#6"}
			}
		},
		{
			"from": [8.24264, 3.2, 6.00736],
			"to": [12.24264, 4.45, 7.50736],
			"rotation": {"angle": -22.5, "axis": "z", "origin": [7.24264, 1.325, 6.75736]},
			"faces": {
				"north": {"uv": [5.25, 7.75, 5.75, 7.875], "texture": "#6"},
				"east": {"uv": [0, 8, 0.25, 8.125], "texture": "#6"},
				"south": {"uv": [5.75, 7.75, 6.25, 7.875], "texture": "#6"},
				"west": {"uv": [0.25, 8, 0.5, 8.125], "texture": "#6"},
				"up": {"uv": [7.5, 7.5, 7, 7.25], "texture": "#6"},
				"down": {"uv": [7.875, 7, 7.375, 7.25], "texture": "#6"}
			}
		},
		{
			"from": [7.12132, 0.45, 7.37132],
			"to": [13.12132, 1.2, 8.87132],
			"rotation": {"angle": -45, "axis": "y", "origin": [5.12132, 3.325, 13.12132]},
			"faces": {
				"north": {"uv": [7.5, 7.375, 8.25, 7.5], "texture": "#6"},
				"east": {"uv": [7.125, 7.875, 7.375, 8], "texture": "#6"},
				"south": {"uv": [7.625, 4.75, 8.375, 4.875], "texture": "#6"},
				"west": {"uv": [7.875, 7.125, 8.125, 7.25], "texture": "#6"},
				"up": {"uv": [6.75, 7, 6, 6.75], "texture": "#6"},
				"down": {"uv": [7.5, 6.75, 6.75, 7], "texture": "#6"}
			}
		},
		{
			"from": [7.62132, 0.2, 6.87132],
			"to": [12.62132, 1.95, 9.37132],
			"rotation": {"angle": -45, "axis": "y", "origin": [5.12132, 3.325, 13.12132]},
			"faces": {
				"north": {"uv": [7, 5.25, 7.625, 5.5], "texture": "#6"},
				"east": {"uv": [7.625, 4.875, 8, 5.125], "texture": "#6"},
				"south": {"uv": [5.5, 7, 6.125, 7.25], "texture": "#6"},
				"west": {"uv": [7.625, 5.125, 8, 5.375], "texture": "#6"},
				"up": {"uv": [4.75, 6.375, 4.125, 6], "texture": "#6"},
				"down": {"uv": [5.375, 6, 4.75, 6.375], "texture": "#6"}
			}
		},
		{
			"from": [8.12132, 1.2, 7.37132],
			"to": [12.12132, 2.45, 8.87132],
			"rotation": {"angle": -45, "axis": "y", "origin": [5.12132, 3.325, 13.12132]},
			"faces": {
				"north": {"uv": [4.25, 7.75, 4.75, 7.875], "texture": "#6"},
				"east": {"uv": [7.375, 7.875, 7.625, 8], "texture": "#6"},
				"south": {"uv": [4.75, 7.75, 5.25, 7.875], "texture": "#6"},
				"west": {"uv": [7.875, 7.5, 8.125, 7.625], "texture": "#6"},
				"up": {"uv": [6.5, 7.5, 6, 7.25], "texture": "#6"},
				"down": {"uv": [7, 7.25, 6.5, 7.5], "texture": "#6"}
			}
		},
		{
			"from": [0, 0.45, 3.17893],
			"to": [6, 1.2, 4.67893],
			"rotation": {"angle": 22.5, "axis": "y", "origin": [3, 1.325, 3.92893]},
			"faces": {
				"north": {"uv": [7.125, 7.5, 7.875, 7.625], "texture": "#6"},
				"east": {"uv": [7.875, 6.75, 8.125, 6.875], "texture": "#6"},
				"south": {"uv": [7.5, 7.25, 8.25, 7.375], "texture": "#6"},
				"west": {"uv": [6.875, 7.875, 7.125, 8], "texture": "#6"},
				"up": {"uv": [5.25, 7, 4.5, 6.75], "texture": "#6"},
				"down": {"uv": [6, 6.75, 5.25, 7], "texture": "#6"}
			}
		},
		{
			"from": [0.5, 0.2, 2.67893],
			"to": [5.5, 1.95, 5.17893],
			"rotation": {"angle": 22.5, "axis": "y", "origin": [3, 1.325, 3.92893]},
			"faces": {
				"north": {"uv": [4.875, 7, 5.5, 7.25], "texture": "#6"},
				"east": {"uv": [7.625, 4.25, 8, 4.5], "texture": "#6"},
				"south": {"uv": [7, 5, 7.625, 5.25], "texture": "#6"},
				"west": {"uv": [7.625, 4.5, 8, 4.75], "texture": "#6"},
				"up": {"uv": [3.5, 6.375, 2.875, 6], "texture": "#6"},
				"down": {"uv": [4.125, 6, 3.5, 6.375], "texture": "#6"}
			}
		},
		{
			"from": [1, 1.2, 3.17893],
			"to": [5, 2.45, 4.67893],
			"rotation": {"angle": 22.5, "axis": "y", "origin": [3, 1.325, 3.92893]},
			"faces": {
				"north": {"uv": [7.75, 4, 8.25, 4.125], "texture": "#6"},
				"east": {"uv": [7.875, 6.875, 8.125, 7], "texture": "#6"},
				"south": {"uv": [7.75, 4.125, 8.25, 4.25], "texture": "#6"},
				"west": {"uv": [7.875, 7, 8.125, 7.125], "texture": "#6"},
				"up": {"uv": [5.5, 7.5, 5, 7.25], "texture": "#6"},
				"down": {"uv": [6, 7.25, 5.5, 7.5], "texture": "#6"}
			}
		},
		{
			"from": [1.24264, 1.45, 13.00736],
			"to": [7.24264, 2.2, 14.50736],
			"rotation": {"angle": -22.5, "axis": "z", "origin": [7.24264, 1.325, 6.75736]},
			"faces": {
				"north": {"uv": [5.25, 7.5, 6, 7.625], "texture": "#6"},
				"east": {"uv": [5.875, 7.875, 6.125, 8], "texture": "#6"},
				"south": {"uv": [6, 7.5, 6.75, 7.625], "texture": "#6"},
				"west": {"uv": [6.125, 7.875, 6.375, 8], "texture": "#6"},
				"up": {"uv": [7.5, 3.75, 6.75, 3.5], "texture": "#6"},
				"down": {"uv": [4.5, 6.75, 3.75, 7], "texture": "#6"}
			}
		},
		{
			"from": [1.74264, 1.2, 12.50736],
			"to": [6.74264, 2.95, 15.00736],
			"rotation": {"angle": -22.5, "axis": "z", "origin": [7.24264, 1.325, 6.75736]},
			"faces": {
				"north": {"uv": [7, 4.5, 7.625, 4.75], "texture": "#6"},
				"east": {"uv": [6.75, 7.5, 7.125, 7.75], "texture": "#6"},
				"south": {"uv": [7, 4.75, 7.625, 5], "texture": "#6"},
				"west": {"uv": [7.5, 6.75, 7.875, 7], "texture": "#6"},
				"up": {"uv": [2.25, 6.375, 1.625, 6], "texture": "#6"},
				"down": {"uv": [2.875, 6, 2.25, 6.375], "texture": "#6"}
			}
		},
		{
			"from": [2.24264, 2.2, 13.00736],
			"to": [6.24264, 3.45, 14.50736],
			"rotation": {"angle": -22.5, "axis": "z", "origin": [7.24264, 1.325, 6.75736]},
			"faces": {
				"north": {"uv": [7.75, 3.75, 8.25, 3.875], "texture": "#6"},
				"east": {"uv": [6.375, 7.875, 6.625, 8], "texture": "#6"},
				"south": {"uv": [7.75, 3.875, 8.25, 4], "texture": "#6"},
				"west": {"uv": [6.625, 7.875, 6.875, 8], "texture": "#6"},
				"up": {"uv": [4.5, 7.5, 4, 7.25], "texture": "#6"},
				"down": {"uv": [5, 7.25, 4.5, 7.5], "texture": "#6"}
			}
		},
		{
			"from": [-2.14631, 2.52193, 6.00736],
			"to": [3.85369, 3.27193, 7.50736],
			"rotation": {"angle": -22.5, "axis": "y", "origin": [4.85369, 3.39693, 13.75736]},
			"faces": {
				"north": {"uv": [6.625, 6.25, 7.375, 6.375], "texture": "#6"},
				"east": {"uv": [4.875, 7.875, 5.125, 8], "texture": "#6"},
				"south": {"uv": [7.375, 6.25, 8.125, 6.375], "texture": "#6"},
				"west": {"uv": [5.125, 7.875, 5.375, 8], "texture": "#6"},
				"up": {"uv": [3, 7, 2.25, 6.75], "texture": "#6"},
				"down": {"uv": [3.75, 6.75, 3, 7], "texture": "#6"}
			}
		},
		{
			"from": [-1.64631, 2.27193, 5.50736],
			"to": [3.35369, 4.02193, 8.00736],
			"rotation": {"angle": -22.5, "axis": "y", "origin": [4.85369, 3.39693, 13.75736]},
			"faces": {
				"north": {"uv": [4.25, 7, 4.875, 7.25], "texture": "#6"},
				"east": {"uv": [4.5, 7.5, 4.875, 7.75], "texture": "#6"},
				"south": {"uv": [7, 4.25, 7.625, 4.5], "texture": "#6"},
				"west": {"uv": [4.875, 7.5, 5.25, 7.75], "texture": "#6"},
				"up": {"uv": [6.125, 3.875, 5.5, 3.5], "texture": "#6"},
				"down": {"uv": [1.625, 6, 1, 6.375], "texture": "#6"}
			}
		},
		{
			"from": [-1.14631, 3.27193, 6.00736],
			"to": [2.85369, 4.52193, 7.50736],
			"rotation": {"angle": -22.5, "axis": "y", "origin": [4.85369, 3.39693, 13.75736]},
			"faces": {
				"north": {"uv": [6.75, 3.75, 7.25, 3.875], "texture": "#6"},
				"east": {"uv": [5.375, 7.875, 5.625, 8], "texture": "#6"},
				"south": {"uv": [3.75, 7.75, 4.25, 7.875], "texture": "#6"},
				"west": {"uv": [5.625, 7.875, 5.875, 8], "texture": "#6"},
				"up": {"uv": [4, 7.5, 3.5, 7.25], "texture": "#6"},
				"down": {"uv": [7.75, 3.75, 7.25, 4], "texture": "#6"}
			}
		}
	],
	"groups": [
		{
			"name": "group",
			"origin": [-1.6163, 8, -0.75843],
			"color": 0,
			"nbt": "{}",
			"children": [0, 1, 2, 3, 4, 5, 6, 7, 8, 9, 10, 11, 12, 13, 14, 15, 16, 17, 18, 19, 20]
		},
		{
			"name": "group",
			"origin": [8, 8, 8],
			"color": 0,
			"nbt": "{}",
			"children": [21, 22, 23]
		},
		{
			"name": "group",
			"origin": [8, 8, 8],
			"color": 0,
			"nbt": "{}",
			"children": [24, 25, 26]
		},
		{
			"name": "group",
			"origin": [8, 8, 8],
			"color": 0,
			"nbt": "{}",
			"children": [27, 28, 29]
		},
		{
			"name": "group",
			"origin": [8, 8, 8],
			"color": 0,
			"nbt": "{}",
			"children": [30, 31, 32]
		},
		{
			"name": "group",
			"origin": [8, 8, 8],
			"color": 0,
			"nbt": "{}",
			"children": [33, 34, 35]
		},
		{
			"name": "group",
			"origin": [8, 8, 8],
			"color": 0,
			"nbt": "{}",
			"children": [36, 37, 38]
		},
		{
			"name": "group",
			"origin": [8, 8, 8],
			"color": 0,
			"nbt": "{}",
			"children": [39, 40, 41]
		},
		{
			"name": "group",
			"origin": [8, 8, 8],
			"color": 0,
			"nbt": "{}",
			"children": [42, 43, 44]
		}
	]
}