{
	"credit": "Made with Blockbench",
	"texture_size": [64, 64],
	"textures": {
		"4": "item/bread/bread_box_2",
		"particle": "item/bread/bread_box_3"
	},
	"elements": [
		{
			"from": [1, 0, 16],
			"to": [15, 16, 16],
			"rotation": {"angle": 0, "axis": "y", "origin": [8, 8, 8]},
			"faces": {
				"north": {"uv": [4, 0, 7.5, 4], "texture": "#4"},
				"east": {"uv": [0, 0, 0, 4], "texture": "#4"},
				"south": {"uv": [4, 4, 7.5, 8], "texture": "#4"},
				"west": {"uv": [0, 0, 0, 4], "texture": "#4"},
				"up": {"uv": [3.5, 0, 0, 0], "texture": "#4"},
				"down": {"uv": [3.5, 0, 0, 0], "texture": "#4"}
			}
		},
		{
			"from": [0, 0, 1],
			"to": [0, 16, 15],
			"rotation": {"angle": 0, "axis": "y", "origin": [8, 8, 0]},
			"faces": {
				"north": {"uv": [0, 0, 0, 4], "texture": "#4"},
				"east": {"uv": [7.5, 0, 11, 4], "texture": "#4"},
				"south": {"uv": [0, 0, 0, 4], "texture": "#4"},
				"west": {"uv": [7.5, 4, 11, 8], "texture": "#4"},
				"up": {"uv": [0, 3.5, 0, 0], "texture": "#4"},
				"down": {"uv": [0, 0, 0, 3.5], "texture": "#4"}
			}
		},
		{
			"from": [1, 0, 0],
			"to": [15, 16, 0],
			"rotation": {"angle": 0, "axis": "y", "origin": [8, 8, 8]},
			"faces": {
				"north": {"uv": [0, 8, 3.5, 12], "texture": "#4"},
				"east": {"uv": [0, 0, 0, 4], "texture": "#4"},
				"south": {"uv": [3.5, 8, 7, 12], "texture": "#4"},
				"west": {"uv": [0, 0, 0, 4], "texture": "#4"},
				"up": {"uv": [3.5, 0, 0, 0], "texture": "#4"},
				"down": {"uv": [3.5, 0, 0, 0], "texture": "#4"}
			}
		},
		{
			"from": [16, 0, 1],
			"to": [16, 16, 15],
			"rotation": {"angle": 0, "axis": "y", "origin": [2.34315, 8, 2.34315]},
			"faces": {
				"north": {"uv": [0, 0, 0, 4], "texture": "#4"},
				"east": {"uv": [7, 8, 10.5, 12], "texture": "#4"},
				"south": {"uv": [0, 0, 0, 4], "texture": "#4"},
				"west": {"uv": [10.5, 8, 14, 12], "texture": "#4"},
				"up": {"uv": [0, 3.5, 0, 0], "texture": "#4"},
				"down": {"uv": [0, 0, 0, 3.5], "texture": "#4"}
			}
		},
		{
			"from": [-0.4, 0, 16],
			"to": [1, 16, 16],
			"rotation": {"angle": -45, "axis": "y", "origin": [1, 1, 16]},
			"faces": {
				"north": {"uv": [11, 0, 11.25, 4], "texture": "#4"},
				"east": {"uv": [0, 0, 0, 4], "texture": "#4"},
				"south": {"uv": [11, 4, 11.25, 8], "texture": "#4"},
				"west": {"uv": [0, 0, 0, 4], "texture": "#4"},
				"up": {"uv": [0.25, 0, 0, 0], "texture": "#4"},
				"down": {"uv": [0.25, 0, 0, 0], "texture": "#4"}
			}
		},
		{
			"from": [-0.4, 0, -5.25],
			"to": [1, 16, -5.25],
			"rotation": {"angle": -45, "axis": "y", "origin": [1, 1, 16]},
			"faces": {
				"north": {"uv": [11.25, 0, 11.5, 4], "texture": "#4"},
				"east": {"uv": [0, 0, 0, 4], "texture": "#4"},
				"south": {"uv": [11.25, 4, 11.5, 8], "texture": "#4"},
				"west": {"uv": [0, 0, 0, 4], "texture": "#4"},
				"up": {"uv": [0.25, 0, 0, 0], "texture": "#4"},
				"down": {"uv": [0.25, 0, 0, 0], "texture": "#4"}
			}
		},
		{
			"from": [0.76, 0, -2.06],
			"to": [0.76, 16, -0.66],
			"rotation": {"angle": -45, "axis": "y", "origin": [-1.6163, 8, -0.75843]},
			"faces": {
				"north": {"uv": [0, 0, 0, 4], "texture": "#4"},
				"east": {"uv": [11.5, 0, 11.75, 4], "texture": "#4"},
				"south": {"uv": [0, 0, 0, 4], "texture": "#4"},
				"west": {"uv": [11.5, 4, 11.75, 8], "texture": "#4"},
				"up": {"uv": [0, 0.25, 0, 0], "texture": "#4"},
				"down": {"uv": [0, 0, 0, 0.25], "texture": "#4"}
			}
		},
		{
			"from": [21.99, 0, -2.06],
			"to": [21.99, 16, -0.66],
			"rotation": {"angle": -45, "axis": "y", "origin": [-1.6163, 8, -0.75843]},
			"faces": {
				"north": {"uv": [0, 0, 0, 4], "texture": "#4"},
				"east": {"uv": [11.75, 0, 12, 4], "texture": "#4"},
				"south": {"uv": [0, 0, 0, 4], "texture": "#4"},
				"west": {"uv": [11.75, 4, 12, 8], "texture": "#4"},
				"up": {"uv": [0, 0.25, 0, 0], "texture": "#4"},
				"down": {"uv": [0, 0, 0, 0.25], "texture": "#4"}
			}
		},
		{
			"from": [0, 0, 0],
			"to": [16, 0, 16],
			"faces": {
				"north": {"uv": [0, 0, 4, 0], "texture": "#4"},
				"east": {"uv": [0, 0, 4, 0], "texture": "#4"},
				"south": {"uv": [0, 0, 4, 0], "texture": "#4"},
				"west": {"uv": [0, 0, 4, 0], "texture": "#4"},
				"up": {"uv": [4, 4, 0, 0], "texture": "#4"},
				"down": {"uv": [4, 4, 0, 8], "texture": "#4"}
			}
		},
		{
			"from": [0.72, 0.01, -0.75],
			"to": [1.47, 0.01, 0.75],
			"rotation": {"angle": -45, "axis": "y", "origin": [0, 0, 0]},
			"faces": {
				"north": {"uv": [0, 0, 0.25, 0], "texture": "#4"},
				"east": {"uv": [0, 0, 0.5, 0], "texture": "#4"},
				"south": {"uv": [0, 0, 0.25, 0], "texture": "#4"},
				"west": {"uv": [0, 0, 0.5, 0], "texture": "#4"},
				"up": {"uv": [12.5, 13, 12.25, 12.5], "texture": "#4"},
				"down": {"uv": [2.5, 12.75, 2.25, 13.25], "texture": "#4"}
			}
		},
		{
			"from": [21.19, 0.01, -0.75],
			"to": [21.94, 0.01, 0.75],
			"rotation": {"angle": -45, "axis": "y", "origin": [0, 0, 0]},
			"faces": {
				"north": {"uv": [0, 0, 0.25, 0], "texture": "#4"},
				"east": {"uv": [0, 0, 0.5, 0], "texture": "#4"},
				"south": {"uv": [0, 0, 0.25, 0], "texture": "#4"},
				"west": {"uv": [0, 0, 0.5, 0], "texture": "#4"},
				"up": {"uv": [6.5, 13.25, 6.25, 12.75], "texture": "#4"},
				"down": {"uv": [6.75, 12.75, 6.5, 13.25], "texture": "#4"}
			}
		},
		{
			"from": [-0.31, 0.01, 6.29901],
			"to": [0.44, 0.01, 7.79901],
			"rotation": {"angle": 45, "axis": "y", "origin": [10.29901, 0.01, 10.29901]},
			"faces": {
				"north": {"uv": [0, 0, 0.25, 0], "texture": "#4"},
				"east": {"uv": [0, 0, 0.5, 0], "texture": "#4"},
				"south": {"uv": [0, 0, 0.25, 0], "texture": "#4"},
				"west": {"uv": [0, 0, 0.5, 0], "texture": "#4"},
				"up": {"uv": [13.25, 13, 13, 12.5], "texture": "#4"},
				"down": {"uv": [0.25, 13.25, 0, 13.75], "texture": "#4"}
			}
		},
		{
			"from": [20.19, 0.01, 6.29901],
			"to": [20.94, 0.01, 7.79901],
			"rotation": {"angle": 45, "axis": "y", "origin": [10.29901, 0.01, 10.29901]},
			"faces": {
				"north": {"uv": [0, 0, 0.25, 0], "texture": "#4"},
				"east": {"uv": [0, 0, 0.5, 0], "texture": "#4"},
				"south": {"uv": [0, 0, 0.25, 0], "texture": "#4"},
				"west": {"uv": [0, 0, 0.5, 0], "texture": "#4"},
				"up": {"uv": [13.5, 0.5, 13.25, 0], "texture": "#4"},
				"down": {"uv": [0.5, 13.25, 0.25, 13.75], "texture": "#4"}
			}
		},
		{
			"from": [1, 15, -0.25],
			"to": [15, 16, 0.25],
			"faces": {
				"north": {"uv": [12, 2.75, 15.5, 3], "texture": "#4"},
				"east": {"uv": [4.5, 13.25, 4.75, 13.5], "texture": "#4"},
				"south": {"uv": [12, 3, 15.5, 3.25], "texture": "#4"},
				"west": {"uv": [6.25, 13.25, 6.5, 13.5], "texture": "#4"},
				"up": {"uv": [6.75, 12.25, 3.25, 12], "texture": "#4"},
				"down": {"uv": [15.5, 3.25, 12, 3.5], "texture": "#4"}
			}
		},
		{
			"from": [1, 15, 15.75],
			"to": [15, 16, 16.25],
			"faces": {
				"north": {"uv": [12, 3.5, 15.5, 3.75], "texture": "#4"},
				"east": {"uv": [6.5, 13.25, 6.75, 13.5], "texture": "#4"},
				"south": {"uv": [12, 3.75, 15.5, 4], "texture": "#4"},
				"west": {"uv": [13.25, 7.5, 13.5, 7.75], "texture": "#4"},
				"up": {"uv": [15.5, 4.25, 12, 4], "texture": "#4"},
				"down": {"uv": [15.5, 4.25, 12, 4.5], "texture": "#4"}
			}
		},
		{
			"from": [-0.25, 15, 1],
			"to": [0.25, 16, 15],
			"rotation": {"angle": 0, "axis": "y", "origin": [8, 15.5, 16]},
			"faces": {
				"north": {"uv": [13.25, 7.75, 13.5, 8], "texture": "#4"},
				"east": {"uv": [12, 4.5, 15.5, 4.75], "texture": "#4"},
				"south": {"uv": [8.75, 13.25, 9, 13.5], "texture": "#4"},
				"west": {"uv": [12, 4.75, 15.5, 5], "texture": "#4"},
				"up": {"uv": [7, 15.5, 6.75, 12], "texture": "#4"},
				"down": {"uv": [7.25, 12, 7, 15.5], "texture": "#4"}
			}
		},
		{
			"from": [15.75, 15, 1],
			"to": [16.25, 16, 15],
			"rotation": {"angle": 0, "axis": "y", "origin": [8, 15.5, 16]},
			"faces": {
				"north": {"uv": [9, 13.25, 9.25, 13.5], "texture": "#4"},
				"east": {"uv": [12, 5, 15.5, 5.25], "texture": "#4"},
				"south": {"uv": [9.25, 13.25, 9.5, 13.5], "texture": "#4"},
				"west": {"uv": [12, 5.25, 15.5, 5.5], "texture": "#4"},
				"up": {"uv": [7.5, 15.5, 7.25, 12], "texture": "#4"},
				"down": {"uv": [7.75, 12, 7.5, 15.5], "texture": "#4"}
			}
		},
		{
			"from": [-0.4, 15, 15.75],
			"to": [1, 16, 16.25],
			"rotation": {"angle": -45, "axis": "y", "origin": [1, 1, 16]},
			"faces": {
				"north": {"uv": [9.5, 13.25, 9.75, 13.5], "texture": "#4"},
				"east": {"uv": [9.75, 13.25, 10, 13.5], "texture": "#4"},
				"south": {"uv": [10, 13.25, 10.25, 13.5], "texture": "#4"},
				"west": {"uv": [10.25, 13.25, 10.5, 13.5], "texture": "#4"},
				"up": {"uv": [10.75, 13.5, 10.5, 13.25], "texture": "#4"},
				"down": {"uv": [11, 13.25, 10.75, 13.5], "texture": "#4"}
			}
		},
		{
			"from": [-0.4, 15, -5.5],
			"to": [1, 16, -5],
			"rotation": {"angle": -45, "axis": "y", "origin": [1, 1, 16]},
			"faces": {
				"north": {"uv": [11, 13.25, 11.25, 13.5], "texture": "#4"},
				"east": {"uv": [11.25, 13.25, 11.5, 13.5], "texture": "#4"},
				"south": {"uv": [11.5, 13.25, 11.75, 13.5], "texture": "#4"},
				"west": {"uv": [12.25, 13.25, 12.5, 13.5], "texture": "#4"},
				"up": {"uv": [12.75, 13.5, 12.5, 13.25], "texture": "#4"},
				"down": {"uv": [13.5, 12.5, 13.25, 12.75], "texture": "#4"}
			}
		},
		{
			"from": [4.78104, 15, 10.379],
			"to": [5.28104, 16, 11.779],
			"rotation": {"angle": -45, "axis": "y", "origin": [15.53104, 15.5, 0.47901]},
			"faces": {
				"north": {"uv": [12.75, 13.25, 13, 13.5], "texture": "#4"},
				"east": {"uv": [13.25, 12.75, 13.5, 13], "texture": "#4"},
				"south": {"uv": [13, 13.25, 13.25, 13.5], "texture": "#4"},
				"west": {"uv": [13.25, 13, 13.5, 13.25], "texture": "#4"},
				"up": {"uv": [13.5, 13.5, 13.25, 13.25], "texture": "#4"},
				"down": {"uv": [13.75, 0, 13.5, 0.25], "texture": "#4"}
			}
		},
		{
			"from": [25.78104, 15, 10.379],
			"to": [26.28104, 16, 11.779],
			"rotation": {"angle": -45, "axis": "y", "origin": [15.53104, 15.5, 0.47901]},
			"faces": {
				"north": {"uv": [13.5, 0.25, 13.75, 0.5], "texture": "#4"},
				"east": {"uv": [0.5, 13.5, 0.75, 13.75], "texture": "#4"},
				"south": {"uv": [0.75, 13.5, 1, 13.75], "texture": "#4"},
				"west": {"uv": [1, 13.5, 1.25, 13.75], "texture": "#4"},
				"up": {"uv": [1.5, 13.75, 1.25, 13.5], "texture": "#4"},
				"down": {"uv": [1.75, 13.5, 1.5, 13.75], "texture": "#4"}
			}
		},
		{
			"from": [0, 0.45, 10.25],
			"to": [6, 1.2, 11.75],
			"rotation": {"angle": 45, "axis": "y", "origin": [3, 3.125, 11]},
			"faces": {
				"north": {"uv": [0, 12.75, 1.5, 13], "texture": "#4"},
				"east": {"uv": [0.5, 13.25, 1, 13.5], "texture": "#4"},
				"south": {"uv": [12.75, 1.5, 14.25, 1.75], "texture": "#4"},
				"west": {"uv": [13.25, 0.5, 13.75, 0.75], "texture": "#4"},
				"up": {"uv": [13.5, 6, 12, 5.5], "texture": "#4"},
				"down": {"uv": [13.5, 6, 12, 6.5], "texture": "#4"}
			}
		},
		{
			"from": [0.5, 0.2, 9.75],
			"to": [5.5, 1.95, 12.25],
			"rotation": {"angle": 45, "axis": "y", "origin": [3, 3.125, 11]},
			"faces": {
				"north": {"uv": [12, 7.5, 13.25, 8], "texture": "#4"},
				"east": {"uv": [1.5, 12.75, 2.25, 13.25], "texture": "#4"},
				"south": {"uv": [8.75, 12, 10, 12.5], "texture": "#4"},
				"west": {"uv": [12.75, 1.75, 13.5, 2.25], "texture": "#4"},
				"up": {"uv": [1.25, 12.75, 0, 12], "texture": "#4"},
				"down": {"uv": [13.25, 0, 12, 0.75], "texture": "#4"}
			}
		},
		{
			"from": [1, 1.2, 10.25],
			"to": [5, 2.45, 11.75],
			"rotation": {"angle": 45, "axis": "y", "origin": [3, 3.125, 11]},
			"faces": {
				"north": {"uv": [8.75, 13, 9.75, 13.25], "texture": "#4"},
				"east": {"uv": [13.25, 0.75, 13.75, 1], "texture": "#4"},
				"south": {"uv": [9.75, 13, 10.75, 13.25], "texture": "#4"},
				"west": {"uv": [1, 13.25, 1.5, 13.5], "texture": "#4"},
				"up": {"uv": [6.75, 12.75, 5.75, 12.25], "texture": "#4"},
				"down": {"uv": [9.75, 12.5, 8.75, 13], "texture": "#4"}
			}
		},
		{
			"from": [6.49264, 0.45, 4.75736],
			"to": [7.99264, 1.2, 10.75736],
			"rotation": {"angle": 22.5, "axis": "y", "origin": [7.24264, 1.325, 6.75736]},
			"faces": {
				"north": {"uv": [2.5, 13.25, 3, 13.5], "texture": "#4"},
				"east": {"uv": [4.75, 12.75, 6.25, 13], "texture": "#4"},
				"south": {"uv": [3, 13.25, 3.5, 13.5], "texture": "#4"},
				"west": {"uv": [0, 13, 1.5, 13.25], "texture": "#4"},
				"up": {"uv": [8.25, 13.5, 7.75, 12], "texture": "#4"},
				"down": {"uv": [8.75, 12, 8.25, 13.5], "texture": "#4"}
			}
		},
		{
			"from": [5.99264, 0.2, 5.25736],
			"to": [8.49264, 1.95, 10.25736],
			"rotation": {"angle": 22.5, "axis": "y", "origin": [7.24264, 1.325, 6.75736]},
			"faces": {
				"north": {"uv": [4.75, 13, 5.5, 13.5], "texture": "#4"},
				"east": {"uv": [3.25, 12.25, 4.5, 12.75], "texture": "#4"},
				"south": {"uv": [5.5, 13, 6.25, 13.5], "texture": "#4"},
				"west": {"uv": [4.5, 12.25, 5.75, 12.75], "texture": "#4"},
				"up": {"uv": [12.75, 2.75, 12, 1.5], "texture": "#4"},
				"down": {"uv": [3.25, 12, 2.5, 13.25], "texture": "#4"}
			}
		},
		{
			"from": [6.49264, 1.2, 5.75736],
			"to": [7.99264, 2.45, 9.75736],
			"rotation": {"angle": 22.5, "axis": "y", "origin": [7.24264, 1.325, 6.75736]},
			"faces": {
				"north": {"uv": [3.5, 13.25, 4, 13.5], "texture": "#4"},
				"east": {"uv": [12.25, 13, 13.25, 13.25], "texture": "#4"},
				"south": {"uv": [4, 13.25, 4.5, 13.5], "texture": "#4"},
				"west": {"uv": [13, 12.25, 14, 12.5], "texture": "#4"},
				"up": {"uv": [12.25, 13.5, 11.75, 12.5], "texture": "#4"},
				"down": {"uv": [13, 12, 12.5, 13], "texture": "#4"}
			}
		},
		{
			"from": [7.12132, 0.45, 7.37132],
			"to": [13.12132, 1.2, 8.87132],
			"rotation": {"angle": -45, "axis": "y", "origin": [5.12132, 3.325, 13.12132]},
			"faces": {
				"north": {"uv": [12.75, 2.25, 14.25, 2.5], "texture": "#4"},
				"east": {"uv": [13.25, 1, 13.75, 1.25], "texture": "#4"},
				"south": {"uv": [12.75, 2.5, 14.25, 2.75], "texture": "#4"},
				"west": {"uv": [13.25, 1.25, 13.75, 1.5], "texture": "#4"},
				"up": {"uv": [13.5, 7, 12, 6.5], "texture": "#4"},
				"down": {"uv": [13.5, 7, 12, 7.5], "texture": "#4"}
			}
		},
		{
			"from": [7.62132, 0.2, 6.87132],
			"to": [12.62132, 1.95, 9.37132],
			"rotation": {"angle": -45, "axis": "y", "origin": [5.12132, 3.325, 13.12132]},
			"faces": {
				"north": {"uv": [10, 12, 11.25, 12.5], "texture": "#4"},
				"east": {"uv": [3.25, 12.75, 4, 13.25], "texture": "#4"},
				"south": {"uv": [11.25, 12, 12.5, 12.5], "texture": "#4"},
				"west": {"uv": [4, 12.75, 4.75, 13.25], "texture": "#4"},
				"up": {"uv": [13.25, 1.5, 12, 0.75], "texture": "#4"},
				"down": {"uv": [2.5, 12, 1.25, 12.75], "texture": "#4"}
			}
		},
		{
			"from": [8.12132, 1.2, 7.37132],
			"to": [12.12132, 2.45, 8.87132],
			"rotation": {"angle": -45, "axis": "y", "origin": [5.12132, 3.325, 13.12132]},
			"faces": {
				"north": {"uv": [10.75, 13, 11.75, 13.25], "texture": "#4"},
				"east": {"uv": [1.5, 13.25, 2, 13.5], "texture": "#4"},
				"south": {"uv": [13, 12, 14, 12.25], "texture": "#4"},
				"west": {"uv": [2, 13.25, 2.5, 13.5], "texture": "#4"},
				"up": {"uv": [10.75, 13, 9.75, 12.5], "texture": "#4"},
				"down": {"uv": [11.75, 12.5, 10.75, 13], "texture": "#4"}
			}
		}
	],
	"groups": [
		{
			"name": "group",
			"origin": [-1.6163, 8, -0.75843],
			"color": 0,
			"nbt": "{}",
			"children": [0, 1, 2, 3, 4, 5, 6, 7, 8, 9, 10, 11, 12, 13, 14, 15, 16, 17, 18, 19, 20]
		},
		{
			"name": "group",
			"origin": [8, 8, 8],
			"color": 0,
			"nbt": "{}",
			"children": [21, 22, 23]
		},
		{
			"name": "group",
			"origin": [8, 8, 8],
			"color": 0,
			"nbt": "{}",
			"children": [24, 25, 26]
		},
		{
			"name": "group",
			"origin": [8, 8, 8],
			"color": 0,
			"nbt": "{}",
			"children": [27, 28, 29]
		}
	]
}