{
	"credit": "Made with Blockbench",
	"texture_size": [64, 64],
	"textures": {
		"7": "item/bread/bread_box_empty",
		"particle": "item/bread/bread_box_3"
	},
	"elements": [
		{
			"from": [1, 0, 16],
			"to": [15, 16, 16],
			"rotation": {"angle": 0, "axis": "y", "origin": [8, 8, 8]},
			"faces": {
				"north": {"uv": [4, 0, 7.5, 4], "texture": "#7"},
				"east": {"uv": [0, 0, 0, 4], "texture": "#7"},
				"south": {"uv": [4, 4, 7.5, 8], "texture": "#7"},
				"west": {"uv": [0, 0, 0, 4], "texture": "#7"},
				"up": {"uv": [3.5, 0, 0, 0], "texture": "#7"},
				"down": {"uv": [3.5, 0, 0, 0], "texture": "#7"}
			}
		},
		{
			"from": [0, 0, 1],
			"to": [0, 16, 15],
			"rotation": {"angle": 0, "axis": "y", "origin": [8, 8, 0]},
			"faces": {
				"north": {"uv": [0, 0, 0, 4], "texture": "#7"},
				"east": {"uv": [7.5, 0, 11, 4], "texture": "#7"},
				"south": {"uv": [0, 0, 0, 4], "texture": "#7"},
				"west": {"uv": [7.5, 4, 11, 8], "texture": "#7"},
				"up": {"uv": [0, 3.5, 0, 0], "texture": "#7"},
				"down": {"uv": [0, 0, 0, 3.5], "texture": "#7"}
			}
		},
		{
			"from": [1, 0, 0],
			"to": [15, 16, 0],
			"rotation": {"angle": 0, "axis": "y", "origin": [8, 8, 8]},
			"faces": {
				"north": {"uv": [0, 8, 3.5, 12], "texture": "#7"},
				"east": {"uv": [0, 0, 0, 4], "texture": "#7"},
				"south": {"uv": [3.5, 8, 7, 12], "texture": "#7"},
				"west": {"uv": [0, 0, 0, 4], "texture": "#7"},
				"up": {"uv": [3.5, 0, 0, 0], "texture": "#7"},
				"down": {"uv": [3.5, 0, 0, 0], "texture": "#7"}
			}
		},
		{
			"from": [16, 0, 1],
			"to": [16, 16, 15],
			"rotation": {"angle": 0, "axis": "y", "origin": [2.34315, 8, 2.34315]},
			"faces": {
				"north": {"uv": [0, 0, 0, 4], "texture": "#7"},
				"east": {"uv": [7, 8, 10.5, 12], "texture": "#7"},
				"south": {"uv": [0, 0, 0, 4], "texture": "#7"},
				"west": {"uv": [10.5, 8, 14, 12], "texture": "#7"},
				"up": {"uv": [0, 3.5, 0, 0], "texture": "#7"},
				"down": {"uv": [0, 0, 0, 3.5], "texture": "#7"}
			}
		},
		{
			"from": [-0.4, 0, 16],
			"to": [1, 16, 16],
			"rotation": {"angle": -45, "axis": "y", "origin": [1, 1, 16]},
			"faces": {
				"north": {"uv": [11, 0, 11.25, 4], "texture": "#7"},
				"east": {"uv": [0, 0, 0, 4], "texture": "#7"},
				"south": {"uv": [11, 4, 11.25, 8], "texture": "#7"},
				"west": {"uv": [0, 0, 0, 4], "texture": "#7"},
				"up": {"uv": [0.25, 0, 0, 0], "texture": "#7"},
				"down": {"uv": [0.25, 0, 0, 0], "texture": "#7"}
			}
		},
		{
			"from": [-0.4, 0, -5.25],
			"to": [1, 16, -5.25],
			"rotation": {"angle": -45, "axis": "y", "origin": [1, 1, 16]},
			"faces": {
				"north": {"uv": [11.25, 0, 11.5, 4], "texture": "#7"},
				"east": {"uv": [0, 0, 0, 4], "texture": "#7"},
				"south": {"uv": [11.25, 4, 11.5, 8], "texture": "#7"},
				"west": {"uv": [0, 0, 0, 4], "texture": "#7"},
				"up": {"uv": [0.25, 0, 0, 0], "texture": "#7"},
				"down": {"uv": [0.25, 0, 0, 0], "texture": "#7"}
			}
		},
		{
			"from": [0.76, 0, -2.06],
			"to": [0.76, 16, -0.66],
			"rotation": {"angle": -45, "axis": "y", "origin": [-1.6163, 8, -0.75843]},
			"faces": {
				"north": {"uv": [0, 0, 0, 4], "texture": "#7"},
				"east": {"uv": [11.5, 0, 11.75, 4], "texture": "#7"},
				"south": {"uv": [0, 0, 0, 4], "texture": "#7"},
				"west": {"uv": [11.5, 4, 11.75, 8], "texture": "#7"},
				"up": {"uv": [0, 0.25, 0, 0], "texture": "#7"},
				"down": {"uv": [0, 0, 0, 0.25], "texture": "#7"}
			}
		},
		{
			"from": [21.99, 0, -2.06],
			"to": [21.99, 16, -0.66],
			"rotation": {"angle": -45, "axis": "y", "origin": [-1.6163, 8, -0.75843]},
			"faces": {
				"north": {"uv": [0, 0, 0, 4], "texture": "#7"},
				"east": {"uv": [11.75, 0, 12, 4], "texture": "#7"},
				"south": {"uv": [0, 0, 0, 4], "texture": "#7"},
				"west": {"uv": [11.75, 4, 12, 8], "texture": "#7"},
				"up": {"uv": [0, 0.25, 0, 0], "texture": "#7"},
				"down": {"uv": [0, 0, 0, 0.25], "texture": "#7"}
			}
		},
		{
			"from": [0, 0, 0],
			"to": [16, 0, 16],
			"faces": {
				"north": {"uv": [0, 0, 4, 0], "texture": "#7"},
				"east": {"uv": [0, 0, 4, 0], "texture": "#7"},
				"south": {"uv": [0, 0, 4, 0], "texture": "#7"},
				"west": {"uv": [0, 0, 4, 0], "texture": "#7"},
				"up": {"uv": [4, 4, 0, 0], "texture": "#7"},
				"down": {"uv": [4, 4, 0, 8], "texture": "#7"}
			}
		},
		{
			"from": [0.72, 0.01, -0.75],
			"to": [1.47, 0.01, 0.75],
			"rotation": {"angle": -45, "axis": "y", "origin": [0, 0, 0]},
			"faces": {
				"north": {"uv": [0, 0, 0.25, 0], "texture": "#7"},
				"east": {"uv": [0, 0, 0.5, 0], "texture": "#7"},
				"south": {"uv": [0, 0, 0.25, 0], "texture": "#7"},
				"west": {"uv": [0, 0, 0.5, 0], "texture": "#7"},
				"up": {"uv": [12.25, 6.5, 12, 6], "texture": "#7"},
				"down": {"uv": [12.25, 6.5, 12, 7], "texture": "#7"}
			}
		},
		{
			"from": [21.19, 0.01, -0.75],
			"to": [21.94, 0.01, 0.75],
			"rotation": {"angle": -45, "axis": "y", "origin": [0, 0, 0]},
			"faces": {
				"north": {"uv": [0, 0, 0.25, 0], "texture": "#7"},
				"east": {"uv": [0, 0, 0.5, 0], "texture": "#7"},
				"south": {"uv": [0, 0, 0.25, 0], "texture": "#7"},
				"west": {"uv": [0, 0, 0.5, 0], "texture": "#7"},
				"up": {"uv": [12.25, 7.5, 12, 7], "texture": "#7"},
				"down": {"uv": [12.25, 7.5, 12, 8], "texture": "#7"}
			}
		},
		{
			"from": [-0.31, 0.01, 6.29901],
			"to": [0.44, 0.01, 7.79901],
			"rotation": {"angle": 45, "axis": "y", "origin": [10.29901, 0.01, 10.29901]},
			"faces": {
				"north": {"uv": [0, 0, 0.25, 0], "texture": "#7"},
				"east": {"uv": [0, 0, 0.5, 0], "texture": "#7"},
				"south": {"uv": [0, 0, 0.25, 0], "texture": "#7"},
				"west": {"uv": [0, 0, 0.5, 0], "texture": "#7"},
				"up": {"uv": [8, 12.5, 7.75, 12], "texture": "#7"},
				"down": {"uv": [8.25, 12, 8, 12.5], "texture": "#7"}
			}
		},
		{
			"from": [20.19, 0.01, 6.29901],
			"to": [20.94, 0.01, 7.79901],
			"rotation": {"angle": 45, "axis": "y", "origin": [10.29901, 0.01, 10.29901]},
			"faces": {
				"north": {"uv": [0, 0, 0.25, 0], "texture": "#7"},
				"east": {"uv": [0, 0, 0.5, 0], "texture": "#7"},
				"south": {"uv": [0, 0, 0.25, 0], "texture": "#7"},
				"west": {"uv": [0, 0, 0.5, 0], "texture": "#7"},
				"up": {"uv": [8.5, 12.5, 8.25, 12], "texture": "#7"},
				"down": {"uv": [8.75, 12, 8.5, 12.5], "texture": "#7"}
			}
		},
		{
			"from": [1, 15, -0.25],
			"to": [15, 16, 0.25],
			"faces": {
				"north": {"uv": [0, 12, 3.5, 12.25], "texture": "#7"},
				"east": {"uv": [8.75, 12, 9, 12.25], "texture": "#7"},
				"south": {"uv": [12, 0, 15.5, 0.25], "texture": "#7"},
				"west": {"uv": [9, 12, 9.25, 12.25], "texture": "#7"},
				"up": {"uv": [15.5, 0.5, 12, 0.25], "texture": "#7"},
				"down": {"uv": [15.5, 0.5, 12, 0.75], "texture": "#7"}
			}
		},
		{
			"from": [1, 15, 15.75],
			"to": [15, 16, 16.25],
			"faces": {
				"north": {"uv": [12, 0.75, 15.5, 1], "texture": "#7"},
				"east": {"uv": [9.25, 12, 9.5, 12.25], "texture": "#7"},
				"south": {"uv": [12, 1, 15.5, 1.25], "texture": "#7"},
				"west": {"uv": [9.5, 12, 9.75, 12.25], "texture": "#7"},
				"up": {"uv": [15.5, 1.5, 12, 1.25], "texture": "#7"},
				"down": {"uv": [15.5, 1.5, 12, 1.75], "texture": "#7"}
			}
		},
		{
			"from": [-0.25, 15, 1],
			"to": [0.25, 16, 15],
			"rotation": {"angle": 0, "axis": "y", "origin": [8, 15.5, 16]},
			"faces": {
				"north": {"uv": [9.75, 12, 10, 12.25], "texture": "#7"},
				"east": {"uv": [12, 1.75, 15.5, 2], "texture": "#7"},
				"south": {"uv": [10, 12, 10.25, 12.25], "texture": "#7"},
				"west": {"uv": [12, 2, 15.5, 2.25], "texture": "#7"},
				"up": {"uv": [12.25, 5.75, 12, 2.25], "texture": "#7"},
				"down": {"uv": [3.75, 12, 3.5, 15.5], "texture": "#7"}
			}
		},
		{
			"from": [15.75, 15, 1],
			"to": [16.25, 16, 15],
			"rotation": {"angle": 0, "axis": "y", "origin": [8, 15.5, 16]},
			"faces": {
				"north": {"uv": [10.25, 12, 10.5, 12.25], "texture": "#7"},
				"east": {"uv": [3.75, 12, 7.25, 12.25], "texture": "#7"},
				"south": {"uv": [10.5, 12, 10.75, 12.25], "texture": "#7"},
				"west": {"uv": [12, 5.75, 15.5, 6], "texture": "#7"},
				"up": {"uv": [7.5, 15.5, 7.25, 12], "texture": "#7"},
				"down": {"uv": [7.75, 12, 7.5, 15.5], "texture": "#7"}
			}
		},
		{
			"from": [-0.4, 15, 15.75],
			"to": [1, 16, 16.25],
			"rotation": {"angle": -45, "axis": "y", "origin": [1, 1, 16]},
			"faces": {
				"north": {"uv": [10.75, 12, 11, 12.25], "texture": "#7"},
				"east": {"uv": [11, 12, 11.25, 12.25], "texture": "#7"},
				"south": {"uv": [11.25, 12, 11.5, 12.25], "texture": "#7"},
				"west": {"uv": [11.5, 12, 11.75, 12.25], "texture": "#7"},
				"up": {"uv": [12, 12.25, 11.75, 12], "texture": "#7"},
				"down": {"uv": [12.25, 12, 12, 12.25], "texture": "#7"}
			}
		},
		{
			"from": [-0.4, 15, -5.5],
			"to": [1, 16, -5],
			"rotation": {"angle": -45, "axis": "y", "origin": [1, 1, 16]},
			"faces": {
				"north": {"uv": [0, 12.25, 0.25, 12.5], "texture": "#7"},
				"east": {"uv": [0.25, 12.25, 0.5, 12.5], "texture": "#7"},
				"south": {"uv": [0.5, 12.25, 0.75, 12.5], "texture": "#7"},
				"west": {"uv": [0.75, 12.25, 1, 12.5], "texture": "#7"},
				"up": {"uv": [1.25, 12.5, 1, 12.25], "texture": "#7"},
				"down": {"uv": [1.5, 12.25, 1.25, 12.5], "texture": "#7"}
			}
		},
		{
			"from": [4.78104, 15, 10.379],
			"to": [5.28104, 16, 11.779],
			"rotation": {"angle": -45, "axis": "y", "origin": [15.53104, 15.5, 0.47901]},
			"faces": {
				"north": {"uv": [1.5, 12.25, 1.75, 12.5], "texture": "#7"},
				"east": {"uv": [1.75, 12.25, 2, 12.5], "texture": "#7"},
				"south": {"uv": [2, 12.25, 2.25, 12.5], "texture": "#7"},
				"west": {"uv": [2.25, 12.25, 2.5, 12.5], "texture": "#7"},
				"up": {"uv": [12.5, 2.5, 12.25, 2.25], "texture": "#7"},
				"down": {"uv": [2.75, 12.25, 2.5, 12.5], "texture": "#7"}
			}
		},
		{
			"from": [25.78104, 15, 10.379],
			"to": [26.28104, 16, 11.779],
			"rotation": {"angle": -45, "axis": "y", "origin": [15.53104, 15.5, 0.47901]},
			"faces": {
				"north": {"uv": [12.25, 2.5, 12.5, 2.75], "texture": "#7"},
				"east": {"uv": [2.75, 12.25, 3, 12.5], "texture": "#7"},
				"south": {"uv": [12.25, 2.75, 12.5, 3], "texture": "#7"},
				"west": {"uv": [3, 12.25, 3.25, 12.5], "texture": "#7"},
				"up": {"uv": [12.5, 3.25, 12.25, 3], "texture": "#7"},
				"down": {"uv": [3.5, 12.25, 3.25, 12.5], "texture": "#7"}
			}
		}
	],
	"groups": [
		{
			"name": "group",
			"origin": [-1.6163, 8, -0.75843],
			"color": 0,
			"nbt": "{}",
			"children": [0, 1, 2, 3, 4, 5, 6, 7, 8, 9, 10, 11, 12, 13, 14, 15, 16, 17, 18, 19, 20]
		}
	]
}