{
	"credit": "Made with Blockbench",
	"texture_size": [32, 32],
	"textures": {
		"2": "item/snowball/smoke_bomb",
		"particle": "item/snowball/smoke_bomb"
	},
	"elements": [
		{
			"from": [7, 0, 7],
			"to": [9, 0.5, 9],
			"faces": {
				"north": {"uv": [7.5, 4.5, 8.5, 5], "texture": "#2"},
				"east": {"uv": [5, 7.5, 6, 8], "texture": "#2"},
				"south": {"uv": [7.5, 5, 8.5, 5.5], "texture": "#2"},
				"west": {"uv": [7.5, 5.5, 8.5, 6], "texture": "#2"},
				"up": {"uv": [7.5, 4, 6.5, 3], "texture": "#2"},
				"down": {"uv": [7.5, 4, 6.5, 5], "texture": "#2"}
			}
		},
		{
			"from": [6, 0.5, 6],
			"to": [10, 4.25, 10],
			"faces": {
				"north": {"uv": [2.5, 0, 4.5, 2], "texture": "#2"},
				"east": {"uv": [2.5, 2, 4.5, 4], "texture": "#2"},
				"south": {"uv": [2.5, 4, 4.5, 6], "texture": "#2"},
				"west": {"uv": [4.5, 0, 6.5, 2], "texture": "#2"},
				"up": {"uv": [6.5, 4, 4.5, 2], "texture": "#2"},
				"down": {"uv": [6.5, 4, 4.5, 6], "texture": "#2"}
			}
		},
		{
			"from": [5.75, 1.2, 5.75],
			"to": [10.25, 3.7, 10.25],
			"faces": {
				"north": {"uv": [0, 5, 2.5, 6.5], "texture": "#2"},
				"east": {"uv": [2.5, 6, 5, 7.5], "texture": "#2"},
				"south": {"uv": [5, 6, 7.5, 7.5], "texture": "#2"},
				"west": {"uv": [0, 6.5, 2.5, 8], "texture": "#2"},
				"up": {"uv": [2.5, 2.5, 0, 0], "texture": "#2"},
				"down": {"uv": [2.5, 2.5, 0, 5], "texture": "#2"}
			}
		},
		{
			"from": [7, 4.75, 7],
			"to": [9, 5.25, 9],
			"faces": {
				"north": {"uv": [6, 7.5, 7, 8], "texture": "#2"},
				"east": {"uv": [7.5, 6, 8.5, 6.5], "texture": "#2"},
				"south": {"uv": [7.5, 6.5, 8.5, 7], "texture": "#2"},
				"west": {"uv": [7, 7.5, 8, 8], "texture": "#2"},
				"up": {"uv": [7.5, 6, 6.5, 5], "texture": "#2"},
				"down": {"uv": [3.5, 7.5, 2.5, 8.5], "texture": "#2"}
			}
		},
		{
			"from": [6.5, 4.25, 6.5],
			"to": [9.5, 4.75, 9.5],
			"faces": {
				"north": {"uv": [7.5, 3, 9, 3.5], "texture": "#2"},
				"east": {"uv": [3.5, 7.5, 5, 8], "texture": "#2"},
				"south": {"uv": [7.5, 3.5, 9, 4], "texture": "#2"},
				"west": {"uv": [7.5, 4, 9, 4.5], "texture": "#2"},
				"up": {"uv": [8, 1.5, 6.5, 0], "texture": "#2"},
				"down": {"uv": [8, 1.5, 6.5, 3], "texture": "#2"}
			}
		},
		{
			"from": [7.75, 5.25, 7.75],
			"to": [8.25, 5.75, 8.25],
			"faces": {
				"north": {"uv": [8, 1, 8.5, 1.5], "texture": "#2"},
				"east": {"uv": [1.5, 8, 2, 8.5], "texture": "#2"},
				"south": {"uv": [8, 1.5, 8.5, 2], "texture": "#2"},
				"west": {"uv": [2, 8, 2.5, 8.5], "texture": "#2"},
				"up": {"uv": [8.5, 2.5, 8, 2], "texture": "#2"},
				"down": {"uv": [8.5, 2.5, 8, 3], "texture": "#2"}
			}
		},
		{
			"from": [7.25, 5.75, 7.75],
			"to": [7.75, 6.25, 8.25],
			"faces": {
				"north": {"uv": [3.5, 8, 4, 8.5], "texture": "#2"},
				"east": {"uv": [4, 8, 4.5, 8.5], "texture": "#2"},
				"south": {"uv": [4.5, 8, 5, 8.5], "texture": "#2"},
				"west": {"uv": [5, 8, 5.5, 8.5], "texture": "#2"},
				"up": {"uv": [6, 8.5, 5.5, 8], "texture": "#2"},
				"down": {"uv": [6.5, 8, 6, 8.5], "texture": "#2"}
			}
		},
		{
			"from": [6.75, 6.25, 7.75],
			"to": [7.25, 6.75, 8.25],
			"faces": {
				"north": {"uv": [7.5, 7, 8, 7.5], "texture": "#2"},
				"east": {"uv": [0, 8, 0.5, 8.5], "texture": "#2"},
				"south": {"uv": [8, 0, 8.5, 0.5], "texture": "#2"},
				"west": {"uv": [0.5, 8, 1, 8.5], "texture": "#2"},
				"up": {"uv": [8.5, 1, 8, 0.5], "texture": "#2"},
				"down": {"uv": [1.5, 8, 1, 8.5], "texture": "#2"}
			}
		}
	],
	"display": {
		"thirdperson_righthand": {
			"rotation": [30, 180, 0],
			"translation": [0, 3.75, 1.75],
			"scale": [0.6, 0.6, 0.6]
		},
		"thirdperson_lefthand": {
			"rotation": [30, 180, 0],
			"translation": [0, 3.75, 1.75],
			"scale": [0.6, 0.6, 0.6]
		},
		"firstperson_righthand": {
			"rotation": [-5, 149, 0],
			"translation": [1.75, 7.5, 0],
			"scale": [0.9, 0.9, 0.9]
		},
		"firstperson_lefthand": {
			"rotation": [-5, 149, 0],
			"translation": [1.75, 7.5, 0],
			"scale": [0.9, 0.9, 0.9]
		},
		"ground": {
			"translation": [0, 4.75, 0]
		},
		"gui": {
			"rotation": [0, 158, 0],
			"translation": [0, 7.5, 0],
			"scale": [1.6, 1.6, 1.6]
		},
		"head": {
			"translation": [0, 14, 0]
		},
		"fixed": {
			"translation": [0, 5.5, 0]
		}
	}
}