{
	"credit": "Made with Blockbench",
	"textures": {
		"4": "item/snowball/tnt_bomb",
		"particle": "item/snowball/tnt_bomb"
	},
	"elements": [
		{
			"from": [6, 0, 6],
			"to": [10, 4.25, 10],
			"faces": {
				"north": {"uv": [0, 0, 4, 4.5], "texture": "#4"},
				"east": {"uv": [4, 0, 8, 4.5], "texture": "#4"},
				"south": {"uv": [0, 5, 4, 9.5], "texture": "#4"},
				"west": {"uv": [4, 5, 8, 9.5], "texture": "#4"},
				"up": {"uv": [12, 4, 8, 0], "texture": "#4"},
				"down": {"uv": [12, 4, 8, 8], "texture": "#4"}
			}
		},
		{
			"from": [7, 4.75, 7],
			"to": [9, 5.25, 9],
			"faces": {
				"north": {"uv": [11, 10, 13, 10.5], "texture": "#4"},
				"east": {"uv": [12, 0, 14, 0.5], "texture": "#4"},
				"south": {"uv": [12, 1, 14, 1.5], "texture": "#4"},
				"west": {"uv": [12, 2, 14, 2.5], "texture": "#4"},
				"up": {"uv": [5, 12, 3, 10], "texture": "#4"},
				"down": {"uv": [7, 10, 5, 12], "texture": "#4"}
			}
		},
		{
			"from": [6.5, 4.25, 6.5],
			"to": [9.5, 4.75, 9.5],
			"faces": {
				"north": {"uv": [7, 11, 10, 11.5], "texture": "#4"},
				"east": {"uv": [11, 8, 14, 8.5], "texture": "#4"},
				"south": {"uv": [11, 9, 14, 9.5], "texture": "#4"},
				"west": {"uv": [10, 11, 13, 11.5], "texture": "#4"},
				"up": {"uv": [11, 11, 8, 8], "texture": "#4"},
				"down": {"uv": [3, 10, 0, 13], "texture": "#4"}
			}
		},
		{
			"from": [7.75, 5.25, 7.75],
			"to": [8.25, 5.75, 8.25],
			"faces": {
				"north": {"uv": [12, 5, 12.5, 5.5], "texture": "#4"},
				"east": {"uv": [6, 12, 6.5, 12.5], "texture": "#4"},
				"south": {"uv": [12, 6, 12.5, 6.5], "texture": "#4"},
				"west": {"uv": [7, 12, 7.5, 12.5], "texture": "#4"},
				"up": {"uv": [12.5, 7.5, 12, 7], "texture": "#4"},
				"down": {"uv": [8.5, 12, 8, 12.5], "texture": "#4"}
			}
		},
		{
			"from": [7.25, 5.75, 7.75],
			"to": [7.75, 6.25, 8.25],
			"faces": {
				"north": {"uv": [9, 12, 9.5, 12.5], "texture": "#4"},
				"east": {"uv": [10, 12, 10.5, 12.5], "texture": "#4"},
				"south": {"uv": [11, 12, 11.5, 12.5], "texture": "#4"},
				"west": {"uv": [12, 12, 12.5, 12.5], "texture": "#4"},
				"up": {"uv": [0.5, 13.5, 0, 13], "texture": "#4"},
				"down": {"uv": [1.5, 13, 1, 13.5], "texture": "#4"}
			}
		},
		{
			"from": [6.75, 6.25, 7.75],
			"to": [7.25, 6.75, 8.25],
			"faces": {
				"north": {"uv": [7, 10, 7.5, 10.5], "texture": "#4"},
				"east": {"uv": [3, 12, 3.5, 12.5], "texture": "#4"},
				"south": {"uv": [12, 3, 12.5, 3.5], "texture": "#4"},
				"west": {"uv": [4, 12, 4.5, 12.5], "texture": "#4"},
				"up": {"uv": [12.5, 4.5, 12, 4], "texture": "#4"},
				"down": {"uv": [5.5, 12, 5, 12.5], "texture": "#4"}
			}
		}
	],
	"display": {
		"thirdperson_righthand": {
			"rotation": [30, 180, 0],
			"translation": [0, 3.75, 1.75],
			"scale": [0.6, 0.6, 0.6]
		},
		"thirdperson_lefthand": {
			"rotation": [30, 180, 0],
			"translation": [0, 3.75, 1.75],
			"scale": [0.6, 0.6, 0.6]
		},
		"firstperson_righthand": {
			"rotation": [-5, 149, 0],
			"translation": [1.75, 7.5, 0],
			"scale": [0.9, 0.9, 0.9]
		},
		"firstperson_lefthand": {
			"rotation": [-5, 149, 0],
			"translation": [1.75, 7.5, 0],
			"scale": [0.9, 0.9, 0.9]
		},
		"ground": {
			"translation": [0, 4.75, 0]
		},
		"gui": {
			"rotation": [0, 158, 0],
			"translation": [0, 7.5, 0],
			"scale": [1.6, 1.6, 1.6]
		},
		"head": {
			"translation": [0, 14, 0]
		},
		"fixed": {
			"translation": [0, 5.5, 0]
		}
	}
}