{
"slide_stone":{"category": "master","sounds": [{"name": "custom/slide_stone","volume":2,"stream":true}]},
"open_chest":{"category": "master","sounds": [{"name": "custom/open_chest","volume":0.4}]},
"pickup_sword":{"category": "master","sounds": [{"name": "custom/pickup_sword","volume":0.4}]},
"game_start_1":{"category": "master","sounds": [{"name": "custom/game_start_1","volume":0.4}]},
"game_start_2":{"category": "master","sounds": [{"name": "custom/game_start_2","volume":0.7}]},
"game_start_3":{"category": "master","sounds": [{"name": "custom/game_start_3","volume":0.5}]},
"quest_start":{"category": "master","sounds": [{"name": "custom/quest_start","volume":0.4}]},
"open_book":{"category": "master","sounds": [{"name": "custom/open_book","volume":1}]}
}