{
	"credit": "Made with Blockbench",
	"parent": "minecraft:block/genarated",
	"texture_size": [64, 64],
	"textures": {
		"2": "item/carrot_on_a_stick/grave"
	},
	"elements": [
		{
			"from": [1, 0, 3],
			"to": [15, 1, 15],
			"faces": {
				"north": {"uv": [6.5, 6.25, 10, 6.5], "texture": "#2"},
				"east": {"uv": [6.75, 0.5, 9.75, 0.75], "texture": "#2"},
				"south": {"uv": [6.5, 6, 10, 6.25], "texture": "#2"},
				"west": {"uv": [6.75, 0.25, 9.75, 0.5], "texture": "#2"},
				"up": {"uv": [3.5, 3, 0, 0], "rotation": 180, "texture": "#2"},
				"down": {"uv": [3.5, 3, 0, 6], "rotation": 180, "texture": "#2"}
			}
		},
		{
			"from": [1.5, 1, 4.25],
			"to": [14.5, 2, 14.5],
			"faces": {
				"north": {"uv": [6.75, 0, 10, 0.25], "texture": "#2"},
				"east": {"uv": [6.75, 1.5, 9.25, 1.75], "texture": "#2"},
				"south": {"uv": [6.5, 6.5, 9.75, 6.75], "texture": "#2"},
				"west": {"uv": [6.75, 1.25, 9.25, 1.5], "texture": "#2"},
				"up": {"uv": [6.75, 2.5, 3.5, 0], "rotation": 180, "texture": "#2"},
				"down": {"uv": [6.75, 2.5, 3.5, 5], "rotation": 180, "texture": "#2"}
			}
		},
		{
			"from": [2, 2, 12],
			"to": [14, 11, 13],
			"faces": {
				"north": {"uv": [0, 6, 3, 8.25], "texture": "#2"},
				"east": {"uv": [3.25, 6, 3.5, 8.25], "texture": "#2"},
				"south": {"uv": [3.5, 5, 6.5, 7.25], "texture": "#2"},
				"west": {"uv": [3, 6, 3.25, 8.25], "texture": "#2"},
				"up": {"uv": [9.75, 1, 6.75, 0.75], "rotation": 180, "texture": "#2"},
				"down": {"uv": [9.75, 1, 6.75, 1.25], "rotation": 180, "texture": "#2"}
			}
		},
		{
			"from": [2, 2, 11],
			"to": [3, 11, 12],
			"faces": {
				"north": {"uv": [6.75, 6.75, 7, 9], "texture": "#2"},
				"east": {"uv": [7, 2.25, 7.25, 4.5], "texture": "#2"},
				"south": {"uv": [6.75, 2.25, 7, 4.5], "texture": "#2"},
				"west": {"uv": [6.5, 6.75, 6.75, 9], "texture": "#2"},
				"up": {"uv": [2.25, 8.75, 2, 8.5], "rotation": 180, "texture": "#2"},
				"down": {"uv": [2.5, 8.5, 2.25, 8.75], "rotation": 180, "texture": "#2"}
			}
		},
		{
			"from": [13, 2, 11],
			"to": [14, 11, 12],
			"faces": {
				"north": {"uv": [3.5, 7.25, 3.75, 9.5], "texture": "#2"},
				"east": {"uv": [3.75, 7.25, 4, 9.5], "texture": "#2"},
				"south": {"uv": [7, 6.75, 7.25, 9], "texture": "#2"},
				"west": {"uv": [7.25, 2.25, 7.5, 4.5], "texture": "#2"},
				"up": {"uv": [2.75, 8.75, 2.5, 8.5], "rotation": 180, "texture": "#2"},
				"down": {"uv": [3, 8.5, 2.75, 8.75], "rotation": 180, "texture": "#2"}
			}
		},
		{
			"from": [3, 11, 12],
			"to": [13, 13, 13],
			"faces": {
				"north": {"uv": [6.5, 5.5, 9, 6], "texture": "#2"},
				"east": {"uv": [6.25, 8, 6.5, 8.5], "texture": "#2"},
				"south": {"uv": [6.5, 5, 9, 5.5], "texture": "#2"},
				"west": {"uv": [6, 8, 6.25, 8.5], "texture": "#2"},
				"up": {"uv": [9.25, 2, 6.75, 1.75], "rotation": 180, "texture": "#2"},
				"down": {"uv": [9.25, 2, 6.75, 2.25], "rotation": 180, "texture": "#2"}
			}
		},
		{
			"from": [12, 11, 11],
			"to": [13, 13, 12],
			"faces": {
				"north": {"uv": [5.5, 8.25, 5.75, 8.75], "texture": "#2"},
				"east": {"uv": [5.75, 8.25, 6, 8.75], "texture": "#2"},
				"south": {"uv": [3, 8.25, 3.25, 8.75], "texture": "#2"},
				"west": {"uv": [3.25, 8.25, 3.5, 8.75], "texture": "#2"},
				"up": {"uv": [4.25, 8.75, 4, 8.5], "rotation": 180, "texture": "#2"},
				"down": {"uv": [4.5, 8.5, 4.25, 8.75], "rotation": 180, "texture": "#2"}
			}
		},
		{
			"from": [3, 11, 11],
			"to": [4, 13, 12],
			"faces": {
				"north": {"uv": [7.75, 8.25, 8, 8.75], "texture": "#2"},
				"east": {"uv": [8, 8.25, 8.25, 8.75], "texture": "#2"},
				"south": {"uv": [7.25, 8.25, 7.5, 8.75], "texture": "#2"},
				"west": {"uv": [7.5, 8.25, 7.75, 8.75], "texture": "#2"},
				"up": {"uv": [4.75, 8.75, 4.5, 8.5], "rotation": 180, "texture": "#2"},
				"down": {"uv": [5, 8.5, 4.75, 8.75], "rotation": 180, "texture": "#2"}
			}
		},
		{
			"from": [4, 13, 12],
			"to": [12, 14, 13],
			"faces": {
				"north": {"uv": [6.75, 4.75, 8.75, 5], "texture": "#2"},
				"east": {"uv": [5.25, 8.5, 5.5, 8.75], "texture": "#2"},
				"south": {"uv": [6.75, 4.5, 8.75, 4.75], "texture": "#2"},
				"west": {"uv": [5, 8.5, 5.25, 8.75], "texture": "#2"},
				"up": {"uv": [6, 7.5, 4, 7.25], "rotation": 180, "texture": "#2"},
				"down": {"uv": [9.25, 6.75, 7.25, 7], "rotation": 180, "texture": "#2"}
			}
		},
		{
			"from": [5, 14, 12],
			"to": [11, 15, 13],
			"faces": {
				"north": {"uv": [7.5, 3, 9, 3.25], "texture": "#2"},
				"east": {"uv": [6.25, 8.5, 6.5, 8.75], "texture": "#2"},
				"south": {"uv": [7.5, 2.75, 9, 3], "texture": "#2"},
				"west": {"uv": [6, 8.5, 6.25, 8.75], "texture": "#2"},
				"up": {"uv": [9, 3.5, 7.5, 3.25], "rotation": 180, "texture": "#2"},
				"down": {"uv": [9, 3.5, 7.5, 3.75], "rotation": 180, "texture": "#2"}
			}
		},
		{
			"from": [11, 13, 11],
			"to": [12, 14, 12],
			"faces": {
				"north": {"uv": [0, 8.75, 0.25, 9], "texture": "#2"},
				"east": {"uv": [0.25, 8.75, 0.5, 9], "texture": "#2"},
				"south": {"uv": [8.25, 8.5, 8.5, 8.75], "texture": "#2"},
				"west": {"uv": [8.5, 8.5, 8.75, 8.75], "texture": "#2"},
				"up": {"uv": [0.75, 9, 0.5, 8.75], "rotation": 180, "texture": "#2"},
				"down": {"uv": [1, 8.75, 0.75, 9], "rotation": 180, "texture": "#2"}
			}
		},
		{
			"from": [4, 13, 11],
			"to": [5, 14, 12],
			"faces": {
				"north": {"uv": [1.5, 8.75, 1.75, 9], "texture": "#2"},
				"east": {"uv": [1.75, 8.75, 2, 9], "texture": "#2"},
				"south": {"uv": [1, 8.75, 1.25, 9], "texture": "#2"},
				"west": {"uv": [1.25, 8.75, 1.5, 9], "texture": "#2"},
				"up": {"uv": [2.25, 9, 2, 8.75], "rotation": 180, "texture": "#2"},
				"down": {"uv": [2.5, 8.75, 2.25, 9], "rotation": 180, "texture": "#2"}
			}
		},
		{
			"from": [5, 14, 11],
			"to": [11, 15, 12],
			"faces": {
				"north": {"uv": [4, 7.5, 5.5, 7.75], "texture": "#2"},
				"east": {"uv": [2.75, 8.75, 3, 9], "texture": "#2"},
				"south": {"uv": [7.5, 3.75, 9, 4], "texture": "#2"},
				"west": {"uv": [2.5, 8.75, 2.75, 9], "texture": "#2"},
				"up": {"uv": [9, 4.25, 7.5, 4], "rotation": 180, "texture": "#2"},
				"down": {"uv": [9, 4.25, 7.5, 4.5], "rotation": 180, "texture": "#2"}
			}
		},
		{
			"from": [7.75, 10, 11.5],
			"to": [8.25, 12.75, 12],
			"faces": {
				"north": {"uv": [5.5, 7.5, 5.75, 8.25], "texture": "#2"},
				"east": {"uv": [5.75, 7.5, 6, 8.25], "texture": "#2"},
				"south": {"uv": [6, 7.25, 6.25, 8], "texture": "#2"},
				"west": {"uv": [6.25, 7.25, 6.5, 8], "texture": "#2"},
				"up": {"uv": [3.25, 9, 3, 8.75], "rotation": 180, "texture": "#2"},
				"down": {"uv": [3.5, 8.75, 3.25, 9], "rotation": 180, "texture": "#2"}
			}
		},
		{
			"from": [7, 11.5, 11.5],
			"to": [9, 12, 12],
			"faces": {
				"north": {"uv": [0, 8.5, 0.5, 8.75], "texture": "#2"},
				"east": {"uv": [4.25, 8.75, 4.5, 9], "texture": "#2"},
				"south": {"uv": [8.25, 8.25, 8.75, 8.5], "texture": "#2"},
				"west": {"uv": [4, 8.75, 4.25, 9], "texture": "#2"},
				"up": {"uv": [1, 8.75, 0.5, 8.5], "rotation": 180, "texture": "#2"},
				"down": {"uv": [1.5, 8.5, 1, 8.75], "rotation": 180, "texture": "#2"}
			}
		},
		{
			"from": [5, 7.5, 11.5],
			"to": [11, 8, 12],
			"faces": {
				"north": {"uv": [4, 7.75, 5.5, 8], "texture": "#2"},
				"east": {"uv": [8.75, 4.5, 9, 4.75], "texture": "#2"},
				"south": {"uv": [7.25, 7.5, 8.75, 7.75], "texture": "#2"},
				"west": {"uv": [4.5, 8.75, 4.75, 9], "texture": "#2"},
				"up": {"uv": [8.75, 8, 7.25, 7.75], "rotation": 180, "texture": "#2"},
				"down": {"uv": [5.5, 8, 4, 8.25], "rotation": 180, "texture": "#2"}
			}
		},
		{
			"from": [5, 6.2, 11.5],
			"to": [11, 6.7, 12],
			"faces": {
				"north": {"uv": [0, 8.25, 1.5, 8.5], "texture": "#2"},
				"east": {"uv": [8.75, 4.75, 9, 5], "texture": "#2"},
				"south": {"uv": [7.25, 8, 8.75, 8.25], "texture": "#2"},
				"west": {"uv": [4.75, 8.75, 5, 9], "texture": "#2"},
				"up": {"uv": [3, 8.5, 1.5, 8.25], "rotation": 180, "texture": "#2"},
				"down": {"uv": [5.5, 8.25, 4, 8.5], "rotation": 180, "texture": "#2"}
			}
		},
		{
			"from": [5, 4.9, 11.5],
			"to": [11, 5.4, 12],
			"faces": {
				"north": {"uv": [7.25, 7.25, 8.75, 7.5], "texture": "#2"},
				"east": {"uv": [1.75, 8.5, 2, 8.75], "texture": "#2"},
				"south": {"uv": [7.25, 7, 8.75, 7.25], "texture": "#2"},
				"west": {"uv": [1.5, 8.5, 1.75, 8.75], "texture": "#2"},
				"up": {"uv": [9, 2.5, 7.5, 2.25], "rotation": 180, "texture": "#2"},
				"down": {"uv": [9, 2.5, 7.5, 2.75], "rotation": 180, "texture": "#2"}
			}
		}
	],
	"display": {
		"thirdperson_righthand": {
			"rotation": [26, 132, -6],
			"translation": [0.25, 2.75, 0.75],
			"scale": [0.4, 0.4, 0.4]
		},
		"thirdperson_lefthand": {
			"rotation": [26, 132, -6],
			"translation": [0.25, 2.75, 0.75],
			"scale": [0.4, 0.4, 0.4]
		},
		"firstperson_righthand": {
			"rotation": [-13, 90, 1],
			"translation": [0.75, 1.75, 0],
			"scale": [0.8, 0.8, 0.8]
		},
		"firstperson_lefthand": {
			"rotation": [-13, 90, 1],
			"translation": [0.75, 1.75, 0],
			"scale": [0.8, 0.8, 0.8]
		},
		"ground": {
			"translation": [0, 2, 0],
			"scale": [0.5, 0.5, 0.5]
		},
		"gui": {
			"rotation": [1, 180, 0],
			"scale": [0.8, 0.8, 0.79]
		},
		"head": {
			"translation": [0, -35.3, -1]
		},
		"fixed": {
			"rotation": [-90, 0, 0],
			"translation": [0, -1.25, -11],
			"scale": [1.4, 1.4, 1.4]
		}
	},
	"groups": [
		{
			"name": "grave",
			"origin": [8, 8, 8],
			"color": 0,
			"children": [0, 1, 2, 3, 4, 5, 6, 7, 8, 9, 10, 11, 12, 13, 14, 15, 16, 17]
		}
	]
}