{
	"credit": "Made with Blockbench",
	"texture_size": [32, 32],
	"textures": {
		"2": "item/carrot_on_a_stick/ice_sword"
	},
	"elements": [
		{
			"from": [7.25, -1, 7.75],
			"to": [8.75, 4.75, 8.25],
			"faces": {
				"north": {"uv": [2, 0, 3, 3], "texture": "#2"},
				"east": {"uv": [0.5, 4, 1, 7], "texture": "#2"},
				"south": {"uv": [3, 0, 4, 3], "texture": "#2"},
				"west": {"uv": [1, 4, 1.5, 7], "texture": "#2"},
				"up": {"uv": [8, 1, 7, 0.5], "texture": "#2"},
				"down": {"uv": [8, 4, 7, 4.5], "texture": "#2"}
			}
		},
		{
			"from": [7, 4.75, 7.75],
			"to": [9, 13, 8.25],
			"faces": {
				"north": {"uv": [0, 0, 1, 4], "texture": "#2"},
				"east": {"uv": [2, 3, 2.5, 7], "texture": "#2"},
				"south": {"uv": [1, 0, 2, 4], "texture": "#2"},
				"west": {"uv": [2.5, 3, 3, 7], "texture": "#2"},
				"up": {"uv": [8, 5, 7, 4.5], "texture": "#2"},
				"down": {"uv": [8, 5, 7, 5.5], "texture": "#2"}
			}
		},
		{
			"from": [6.75, 12.75, 7.25],
			"to": [9.25, 14, 8.75],
			"faces": {
				"north": {"uv": [7, 0, 8.5, 0.5], "texture": "#2"},
				"east": {"uv": [7, 5.5, 8, 6], "texture": "#2"},
				"south": {"uv": [0.5, 7, 2, 7.5], "texture": "#2"},
				"west": {"uv": [6, 7, 7, 7.5], "texture": "#2"},
				"up": {"uv": [5.5, 5, 4, 4], "texture": "#2"},
				"down": {"uv": [6, 0, 4.5, 1], "texture": "#2"}
			}
		},
		{
			"from": [5.75, 13, 7.5],
			"to": [10.25, 13.75, 8.5],
			"faces": {
				"north": {"uv": [4.5, 5, 7, 5.5], "texture": "#2"},
				"east": {"uv": [7.5, 3, 8, 3.5], "texture": "#2"},
				"south": {"uv": [5.5, 1, 8, 1.5], "texture": "#2"},
				"west": {"uv": [7.5, 3.5, 8, 4], "texture": "#2"},
				"up": {"uv": [8, 2, 5.5, 1.5], "texture": "#2"},
				"down": {"uv": [8, 2, 5.5, 2.5], "texture": "#2"}
			}
		},
		{
			"from": [7.5, 14, 7.75],
			"to": [8.5, 18.5, 8.25],
			"faces": {
				"north": {"uv": [5.5, 2.5, 6, 5], "texture": "#2"},
				"east": {"uv": [4.5, 5.5, 5, 8], "texture": "#2"},
				"south": {"uv": [5, 5.5, 5.5, 8], "texture": "#2"},
				"west": {"uv": [5.5, 5.5, 6, 8], "texture": "#2"},
				"up": {"uv": [6.5, 8, 6, 7.5], "texture": "#2"},
				"down": {"uv": [8, 6, 7.5, 6.5], "texture": "#2"}
			}
		},
		{
			"from": [7.25, 18, 7.7501],
			"to": [8.75, 19.5, 8.2501],
			"rotation": {"angle": -45, "axis": "z", "origin": [8, 18.75, 8]},
			"faces": {
				"north": {"uv": [6, 0, 7, 1], "texture": "#2"},
				"east": {"uv": [3.5, 7, 4, 8], "texture": "#2"},
				"south": {"uv": [6, 2.5, 7, 3.5], "texture": "#2"},
				"west": {"uv": [7, 6, 7.5, 7], "texture": "#2"},
				"up": {"uv": [8, 7.5, 7, 7], "texture": "#2"},
				"down": {"uv": [1.5, 7.5, 0.5, 8], "texture": "#2"}
			}
		},
		{
			"from": [7.5, 4.75, 7.5],
			"to": [8.5, 13, 8.5],
			"faces": {
				"north": {"uv": [3, 3, 3.5, 7], "texture": "#2"},
				"east": {"uv": [3.5, 3, 4, 7], "texture": "#2"},
				"south": {"uv": [0, 4, 0.5, 8], "texture": "#2"},
				"west": {"uv": [4, 0, 4.5, 4], "texture": "#2"},
				"up": {"uv": [7, 8, 6.5, 7.5], "texture": "#2"},
				"down": {"uv": [8, 6.5, 7.5, 7], "texture": "#2"}
			}
		},
		{
			"from": [7.75, -1, 7.5],
			"to": [8.25, 4.75, 8.5],
			"faces": {
				"north": {"uv": [1.5, 4, 2, 7], "texture": "#2"},
				"east": {"uv": [4.5, 1, 5, 4], "texture": "#2"},
				"south": {"uv": [5, 1, 5.5, 4], "texture": "#2"},
				"west": {"uv": [4, 5, 4.5, 8], "texture": "#2"},
				"up": {"uv": [7.5, 8, 7, 7.5], "texture": "#2"},
				"down": {"uv": [8, 7.5, 7.5, 8], "texture": "#2"}
			}
		},
		{
			"from": [7.5, -4.25, 7.75],
			"to": [8.5, -1, 8.25],
			"faces": {
				"north": {"uv": [2, 7, 2.5, 8.5], "texture": "#2"},
				"east": {"uv": [2.5, 7, 3, 8.5], "texture": "#2"},
				"south": {"uv": [7, 2.5, 7.5, 4], "texture": "#2"},
				"west": {"uv": [3, 7, 3.5, 8.5], "texture": "#2"},
				"up": {"uv": [0.5, 8.5, 0, 8], "texture": "#2"},
				"down": {"uv": [1, 8, 0.5, 8.5], "texture": "#2"}
			}
		},
		{
			"from": [7.88, -4.25, 7.5],
			"to": [8.13, -1, 8.5],
			"faces": {
				"north": {"uv": [6, 3.5, 6.5, 5], "texture": "#2"},
				"east": {"uv": [6, 5.5, 6.5, 7], "texture": "#2"},
				"south": {"uv": [6.5, 3.5, 7, 5], "texture": "#2"},
				"west": {"uv": [6.5, 5.5, 7, 7], "texture": "#2"},
				"up": {"uv": [2, 8, 1.5, 7.5], "texture": "#2"},
				"down": {"uv": [8, 2.5, 7.5, 3], "texture": "#2"}
			}
		}
	],
	"display": {
		"thirdperson_righthand": {
			"rotation": [12, -81, -180],
			"translation": [0.25, 6.5, 2.5]
		},
		"gui": {
			"rotation": [0, 0, 133],
			"scale": [0.78, 0.78, 0.78]
		},
		"fixed": {
			"rotation": [0, 0, 46]
		}
	}
}