{
	"credit": "Made with Blockbench",
	"texture_size": [64, 64],
	"textures": {
		"6": "item/carrot_on_a_stick/map",
		"particle": "map"
	},
	"elements": [
		{
			"from": [2, 5, 7],
			"to": [14, 17, 8.5],
			"rotation": {"angle": 0, "axis": "y", "origin": [8, 11, 7.75]},
			"faces": {
				"north": {"uv": [0, 0, 3, 3], "texture": "#6"},
				"east": {"uv": [0, 6, 0.375, 9], "texture": "#6"},
				"south": {"uv": [0, 3, 3, 6], "texture": "#6"},
				"west": {"uv": [0.5, 6, 0.875, 9], "texture": "#6"},
				"up": {"uv": [9, 4.375, 6, 4], "texture": "#6"},
				"down": {"uv": [9, 4.5, 6, 4.875], "texture": "#6"}
			}
		},
		{
			"from": [-0.5, 0, 6.5],
			"to": [2, 20, 9],
			"rotation": {"angle": 0, "axis": "y", "origin": [8, 11, 7.75]},
			"faces": {
				"north": {"uv": [3, 0, 3.625, 5], "texture": "#6"},
				"east": {"uv": [3.75, 0, 4.375, 5], "texture": "#6"},
				"south": {"uv": [4.5, 0, 5.125, 5], "texture": "#6"},
				"west": {"uv": [3, 5, 3.625, 10], "texture": "#6"},
				"up": {"uv": [1.625, 6.625, 1, 6], "texture": "#6"},
				"down": {"uv": [2.375, 6, 1.75, 6.625], "texture": "#6"}
			}
		},
		{
			"from": [14, 0, 6.5],
			"to": [16.5, 20, 9],
			"rotation": {"angle": 0, "axis": "y", "origin": [8, 11, 7.75]},
			"faces": {
				"north": {"uv": [3.75, 5, 4.375, 10], "texture": "#6"},
				"east": {"uv": [4.5, 5, 5.125, 10], "texture": "#6"},
				"south": {"uv": [5.25, 0, 5.875, 5], "texture": "#6"},
				"west": {"uv": [5.25, 5, 5.875, 10], "texture": "#6"},
				"up": {"uv": [6.625, 5.625, 6, 5], "texture": "#6"},
				"down": {"uv": [6.625, 5.75, 6, 6.375], "texture": "#6"}
			}
		},
		{
			"from": [-1.5, 17, 6.75],
			"to": [17.5, 19, 8.75],
			"rotation": {"angle": 0, "axis": "y", "origin": [8, 11, 7.75]},
			"faces": {
				"north": {"uv": [6, 2, 10.75, 2.5], "texture": "#6"},
				"east": {"uv": [6, 6.5, 6.5, 7], "texture": "#6"},
				"south": {"uv": [6, 2.5, 10.75, 3], "texture": "#6"},
				"west": {"uv": [6.5, 6.5, 7, 7], "texture": "#6"},
				"up": {"uv": [10.75, 3.5, 6, 3], "texture": "#6"},
				"down": {"uv": [10.75, 3.5, 6, 4], "texture": "#6"}
			}
		},
		{
			"from": [-1.5, 3, 6.75],
			"to": [17.5, 5, 8.75],
			"rotation": {"angle": 0, "axis": "y", "origin": [8, 11, 7.75]},
			"faces": {
				"north": {"uv": [6, 0, 10.75, 0.5], "texture": "#6"},
				"east": {"uv": [2.5, 6, 3, 6.5], "texture": "#6"},
				"south": {"uv": [6, 0.5, 10.75, 1], "texture": "#6"},
				"west": {"uv": [2.5, 6.5, 3, 7], "texture": "#6"},
				"up": {"uv": [10.75, 1.5, 6, 1], "texture": "#6"},
				"down": {"uv": [10.75, 1.5, 6, 2], "texture": "#6"}
			}
		}
	]
}