{
	"credit": "Made with Blockbench",
	"texture_size": [32, 32],
	"textures": {
		"1": "item/carrot_on_a_stick/treasure_chest"
	},
	"elements": [
		{
			"from": [4.24, 5.46298, 3.77611],
			"to": [11.76, 7.96298, 11.79611],
			"rotation": {"angle": 0, "axis": "x", "origin": [8, 6.02548, 5.68611]},
			"faces": {
				"north": {"uv": [8, 9, 11.75, 10.25], "texture": "#1"},
				"east": {"uv": [8, 6, 12, 7.25], "texture": "#1"},
				"south": {"uv": [8, 10.5, 11.75, 11.75], "texture": "#1"},
				"west": {"uv": [8, 7.5, 12, 8.75], "texture": "#1"},
				"up": {"uv": [7.75, 4, 4, 0], "texture": "#1"},
				"down": {"uv": [7.75, 4, 4, 8], "texture": "#1"}
			}
		},
		{
			"from": [7.5, 4.21298, 3.28611],
			"to": [8.5, 6.46298, 3.78611],
			"rotation": {"angle": 0, "axis": "x", "origin": [8, 6.02548, 5.68611]},
			"faces": {
				"north": {"uv": [0, 11, 0.5, 12], "texture": "#1"},
				"east": {"uv": [1, 11, 1.25, 12], "texture": "#1"},
				"south": {"uv": [0.5, 11, 1, 12], "texture": "#1"},
				"west": {"uv": [1.5, 11, 1.75, 12], "texture": "#1"},
				"up": {"uv": [2.5, 11.25, 2, 11], "texture": "#1"},
				"down": {"uv": [3, 11, 2.5, 11.25], "texture": "#1"}
			}
		},
		{
			"from": [4.25, 0, 3.75],
			"to": [11.75, 6, 11.75],
			"faces": {
				"north": {"uv": [8, 3, 11.75, 6], "texture": "#1"},
				"east": {"uv": [0, 8, 4, 11], "texture": "#1"},
				"south": {"uv": [4, 8, 7.75, 11], "texture": "#1"},
				"west": {"uv": [8, 0, 12, 3], "texture": "#1"},
				"up": {"uv": [3.75, 4, 0, 0], "texture": "#1"},
				"down": {"uv": [3.75, 4, 0, 8], "texture": "#1"}
			}
		}
	],
	"groups": [
		{
			"name": "up",
			"origin": [8, 8, 8],
			"color": 0,
			"nbt": "{}",
			"children": [0, 1]
		},
		2
	]
}